NAME ,KEY,BPM,A,B,C,D,E,F,G,Major/Minor,Sharp/Flat
_3sLwG1ZSBA.mp3,A major,136,,,,,,,,,
_6MAkLJ79LE.mp3,D# minor,99,,,,,,,,,
__C7sd_UDU0.mp3,D minor,93,,,,,,,,,
_8enIDEKrzA.mp3,D minor,91,,,,,,,,,
_6rj5jisB7g.mp3,D# major,137,,,,,,,,,
_8n3VwG1xWA.mp3,A major,120,,,,,,,,,
_9rL1pPXblQ.mp3,D minor,106,,,,,,,,,
_BZsIY6PUPU.mp3,F minor,85,,,,,,,,,
_F0XLsyU1rY.mp3,F major,135,,,,,,,,,
_G-PTQ2OWe4.mp3,A minor,75,,,,,,,,,
_GBSwxyPuaE.mp3,F minor,172,,,,,,,,,
_E3VBQa-nAU.mp3,F# minor,90,,,,,,,,,
_gXnfGIc1Tk.mp3,D major,118,,,,,,,,,
_HckRLrBXQM.mp3,E major,150,,,,,,,,,
_I1UfeCH3SY.mp3,F minor,120,,,,,,,,,
_hnOCUkbix0.mp3,C major,104,,,,,,,,,
_IYJO-Ik7Pg.mp3,A minor,112,,,,,,,,,
_KimnwIfhXc.mp3,G major,91,,,,,,,,,
_Kmh4BbJPz8.mp3,A# major,120,,,,,,,,,
_NJKQkQu3NI.mp3,A minor,111,,,,,,,,,
_lDncgUwor4.mp3,E major,120,,,,,,,,,
_krbxXawoAU.mp3,G# minor,111,,,,,,,,,
_nufc37CHso.mp3,D minor,151,,,,,,,,,
_SsccRkLLzU.mp3,C minor,119,,,,,,,,,
_r7yKaDxGvc.mp3,C# minor,111,,,,,,,,,
_U_4J_e6tQM.mp3,F minor,136,,,,,,,,,
_oACRt-Qp-s.mp3,A# minor,111,,,,,,,,,
_uQOchrK7NA.mp3,G minor,123,,,,,,,,,
_UU29bZjgz4.mp3,C minor,93,,,,,,,,,
_TBd-UCwVAY.mp3,C major,150,,,,,,,,,
_UKLncvGxQ8.mp3,G# major,144,,,,,,,,,
_XOa7zVqxA4.mp3,A minor,150,,,,,,,,,
_ZILy1qRZTU.mp3,D# major,114,,,,,,,,,
_wZSB0b9OCA.mp3,B major,105,,,,,,,,,
_Zgi2KNtWVY.mp3,D minor,89,,,,,,,,,
-1yXdOufzKE.mp3,C minor,106,,,,,,,,,
-7ERMwnoxSI.mp3,D minor,89,,,,,,,,,
-c7Ca2CY6x8.mp3,D major,149,,,,,,,,,
0-U4Yr9UNBo.mp3,D major,117,,,,,,,,,
0A_35Z4eQfg.mp3,A major,129,,,,,,,,,
0A43tb18T8Y.mp3,D minor,143,,,,,,,,,
-44_igsZtgU.mp3,A major,118,,,,,,,,,
0B79RkBxSgU.mp3,A# minor,123,,,,,,,,,
0AHGLGQgAn8.mp3,E major,90,,,,,,,,,
0DuFujGCswU.mp3,G major,79,,,,,,,,,
0eN9KP6lOZs.mp3,F major,122,,,,,,,,,
0cP-qr1JUBI.mp3,B minor,144,,,,,,,,,
0gjRzLqXijQ.mp3,G minor,144,,,,,,,,,
0G7g9lw20l4.mp3,F major,78,,,,,,,,,
0etzTTWyISw.mp3,F major,136,,,,,,,,,
0KIqDAijbS8.mp3,D major,97,,,,,,,,,
0K8lrVjT6fM.mp3,C minor,108,,,,,,,,,
0LcHFkXmCb8.mp3,B minor,152,,,,,,,,,
0ljPuSfPbSw.mp3,A minor,120,,,,,,,,,
0tteHhYh9rU.mp3,A major,151,,,,,,,,,
0UoJyED73bQ.mp3,F minor,164,,,,,,,,,
0QkZL3l1t-w.mp3,F minor,135,,,,,,,,,
0PgjcgqFYP4.mp3,C major,152,,,,,,,,,
0XSNrKgA94g.mp3,F major,148,,,,,,,,,
0WUF3yjgGf4.mp3,A# minor,90,,,,,,,,,
1DHo8fYFsd0.mp3,A minor,91,,,,,,,,,
1dcPHVFHCRY.mp3,E minor,113,,,,,,,,,
1Dp0aCWbQSE.mp3,D minor,153,,,,,,,,,
1j6YA03hm4k.mp3,A# major,112,,,,,,,,,
1Fki1SJ17kQ.mp3,G major,140,,,,,,,,,
1dc1eKHgy_o.mp3,D minor,99,,,,,,,,,
1KPPtmE079M.mp3,D major,83,,,,,,,,,
1krJqn3smbI.mp3,A# major,162,,,,,,,,,
1MF4sCvkAAA.mp3,G# major,152,,,,,,,,,
1lMxZNFripE.mp3,C major,105,,,,,,,,,
1Pahqq-1hp0.mp3,D# major,81,,,,,,,,,
1shK-j_u6LI.mp3,A# minor,112,,,,,,,,,
1qB0lb401ZU.mp3,G minor,126,,,,,,,,,
1SlSxuhLJVE.mp3,D# major,107,,,,,,,,,
1t7rSZT_77E.mp3,A minor,103,,,,,,,,,
1USbTGYv9ZM.mp3,D minor,118,,,,,,,,,
1w1myYavVsE.mp3,G minor,109,,,,,,,,,
1sElYG7LmUU.mp3,A major,163,,,,,,,,,
1vtcf13zT08.mp3,A major,129,,,,,,,,,
1WlRcXIO5ik.mp3,D# major,109,,,,,,,,,
1XLyCDsKhGo.mp3,A# minor,91,,,,,,,,,
2_M0SDk3ZaM.mp3,C# minor,124,,,,,,,,,
2BXRGzjo1_Q.mp3,G minor,162,,,,,,,,,
2Dq2-98HliQ.mp3,E minor,108,,,,,,,,,
1Yq6W7YAHM4.mp3,D major,117,,,,,,,,,
2G0loI0Jn5M.mp3,C minor,112,,,,,,,,,
2fQUYCPe3Cs.mp3,F major,146,,,,,,,,,
2IRWtukPJag.mp3,D major,100,,,,,,,,,
2j4RF6cx0SY.mp3,A minor,100,,,,,,,,,
2jaOd1v1B0Q.mp3,G# minor,100,,,,,,,,,
2j65DpagyhI.mp3,B minor,117,,,,,,,,,
2MwarUSvaLM.mp3,D# minor,151,,,,,,,,,
2Md5lPyuvsk.mp3,F# minor,117,,,,,,,,,
2nwRiuh1Cug.mp3,D major,178,,,,,,,,,
2qS1ZSqwIgM.mp3,D# major,151,,,,,,,,,
2RHEjneBRak.mp3,A major,116,,,,,,,,,
2msbfN81Gm0.mp3,A minor,123,,,,,,,,,
2qdW7ramMr4.mp3,A# major,147,,,,,,,,,
2T-AxWMZBfU.mp3,C major,90,,,,,,,,,
2S2VUCdbhg0.mp3,A major,108,,,,,,,,,
2v7lsnPvgtI.mp3,C minor,110,,,,,,,,,
2ULiauoHeeI.mp3,A minor,162,,,,,,,,,
2uT9fjUmm-M.mp3,G major,161,,,,,,,,,
2ywv_JCyolU.mp3,A# major,164,,,,,,,,,
2yO4-Oh-JP4.mp3,D minor,129,,,,,,,,,
3_1LKqsFguE.mp3,G# minor,162,,,,,,,,,
2xwUuSM06xQ.mp3,D minor,114,,,,,,,,,
3bY7aOx8WHk.mp3,A minor,132,,,,,,,,,
3d5id_cwHUM.mp3,G minor,109,,,,,,,,,
3dnW8QJxHD0.mp3,C major,97,,,,,,,,,
2zfqw8nhUwA.mp3,G# major,114,,,,,,,,,
3DYUUdkFQl0.mp3,A# major,151,,,,,,,,,
3FtNm9CgA6U.mp3,C# major,162,,,,,,,,,
3hb1pYdEuLE.mp3,F minor,117,,,,,,,,,
3JsyhaGHq_E.mp3,D minor,152,,,,,,,,,
3iv2NnAxVmM.mp3,F minor,129,,,,,,,,,
3KyvlMJefR4.mp3,C major,151,,,,,,,,,
3mmu60CNl0Y.mp3,E major,107,,,,,,,,,
3pNGO5ppfQ8.mp3,A minor,125,,,,,,,,,
3RnT8kVXbHA.mp3,D# major,128,,,,,,,,,
3t6bLugtJkQ.mp3,A major,90,,,,,,,,,
3UOGKO7tM34.mp3,D major,90,,,,,,,,,
3vaDzDzRH_c.mp3,C# major,143,,,,,,,,,
3wdaADBIoH8.mp3,C minor,129,,,,,,,,,
3quMz-EAThw.mp3,C major,90,,,,,,,,,
4_IbqebS7hQ.mp3,E major,110,,,,,,,,,
3zCtPnz-Bxk.mp3,F major,143,,,,,,,,,
4a5fS0F6LLA.mp3,A# major,106,,,,,,,,,
4c43WKFcn4c.mp3,C# major,155,,,,,,,,,
4F-fzXW1xUM.mp3,C major,155,,,,,,,,,
4b9Ji7DvsjU.mp3,G minor,140,,,,,,,,,
4HGR2_uN-f0.mp3,F major,130,,,,,,,,,
4h0Qvc6_MfQ.mp3,B minor,111,,,,,,,,,
4FlwJwL6kdo.mp3,D major,126,,,,,,,,,
4hN0ai9WzBQ.mp3,A major,117,,,,,,,,,
4hScgyXu_9c.mp3,A major,112,,,,,,,,,
4JhzwNuo75M.mp3,G# major,149,,,,,,,,,
4KKgR5YWmYg.mp3,F major,162,,,,,,,,,
4Krky4i6Xk8.mp3,A# major,108,,,,,,,,,
4hnBp7x2QAE.mp3,E major,118,,,,,,,,,
4nIUcRJX9-o.mp3,F minor,90,,,,,,,,,
4pcO7_S2WQs.mp3,D major,100,,,,,,,,,
4u_Ed0Bh-s0.mp3,A# major,143,,,,,,,,,
4vGcH0Bk3hg.mp3,D major,128,,,,,,,,,
4tA8wtLaui4.mp3,A# major,110,,,,,,,,,
4W6VxtNZjok.mp3,D major,91,,,,,,,,,
4Vn3mLIlqp4.mp3,A minor,132,,,,,,,,,
4Zv9vRz4QYM.mp3,C minor,164,,,,,,,,,
4X4MwbVf5OA.mp3,A minor,113,,,,,,,,,
5AP5zQrJRIg.mp3,B major,126,,,,,,,,,
4XQ7x7c2hkQ.mp3,A# major,133,,,,,,,,,
5AuLkMBAFZg.mp3,F major,151,,,,,,,,,
5CaMUfxVJVQ.mp3,D minor,172,,,,,,,,,
5DCow4J-pDE.mp3,F major,127,,,,,,,,,
5Ea5lKyWxGc.mp3,F minor,154,,,,,,,,,
5gKjLV2wKmg.mp3,F major,137,,,,,,,,,
5fq9iIxxA1s.mp3,E minor,132,,,,,,,,,
5hteeecX1oQ.mp3,A# major,131,,,,,,,,,
5J58i_qbQxY.mp3,D major,90,,,,,,,,,
5JLBU-QQpoo.mp3,C minor,143,,,,,,,,,
5JuVHCJVYf4.mp3,C major,99,,,,,,,,,
5Oag8iBB7HE.mp3,C# minor,121,,,,,,,,,
5QLUr7zVBeY.mp3,F minor,140,,,,,,,,,
5tisdEErLHA.mp3,D major,92,,,,,,,,,
5U9I7QrpSkk.mp3,A minor,125,,,,,,,,,
5VPFKnBYOSI.mp3,A# major,123,,,,,,,,,
5W4MYJt8c4w.mp3,A# major,126,,,,,,,,,
5Z_zWIVRIWk.mp3,G# minor,91,,,,,,,,,
5R8euGTHBR8.mp3,D minor,172,,,,,,,,,
5o9Dp6D91fI.mp3,D# major,191,,,,,,,,,
5zjTJ4YPfDw.mp3,E major,107,,,,,,,,,
6_WAmt3cMdk.mp3,G minor,117,,,,,,,,,
6-BPFPwv8RQ.mp3,D# minor,152,,,,,,,,,
6AOvnPY_d-U.mp3,G# major,106,,,,,,,,,
6bJOIqVAD-s.mp3,D minor,123,,,,,,,,,
6-2L4PTV14A.mp3,A# major,140,,,,,,,,,
6CbQOLqZ8IA.mp3,A# major,178,,,,,,,,,
6e3z2H1O5zE.mp3,C major,163,,,,,,,,,
6FSOKnW9BLI.mp3,F major,130,,,,,,,,,
6GNGfse9ZK8.mp3,C major,123,,,,,,,,,
6h3G-lMZxjo.mp3,D# major,136,,,,,,,,,
6HNKqffU3Cc.mp3,D major,118,,,,,,,,,
6i-nMWgBUp0.mp3,C major,163,,,,,,,,,
6iQ7ZDUutU4.mp3,A minor,91,,,,,,,,,
6kkeGgRG-uE.mp3,C major,89,,,,,,,,,
6jyAEqhfHTE.mp3,C# major,108,,,,,,,,,
6kYqjTA_VEg.mp3,E minor,109,,,,,,,,,
6Obj5eoSpu8.mp3,B major,126,,,,,,,,,
6T2olgjnDWY.mp3,A# major,96,,,,,,,,,
6PKAv5OPf40.mp3,D minor,118,,,,,,,,,
6uLBrg6ai0c.mp3,C major,147,,,,,,,,,
6mpS6V6Ucrk.mp3,A major,104,,,,,,,,,
6uhCxBk6cQE.mp3,F# major,86,,,,,,,,,
06WUc7y8vak.mp3,D major,123,,,,,,,,,
6XRXBrcdtWg.mp3,G major,133,,,,,,,,,
6yVMik5Mfwk.mp3,C minor,107,,,,,,,,,
6VEHt9cmtzI.mp3,D# minor,141,,,,,,,,,
7_dgiNoBWio.mp3,B minor,137,,,,,,,,,
6xy_lt-Z5b0.mp3,F# major,107,,,,,,,,,
7-OnEe-dauE.mp3,F major,112,,,,,,,,,
7Ac2cZPOD00.mp3,G# major,72,,,,,,,,,
7aUTdYsZda8.mp3,D# minor,133,,,,,,,,,
7AuhjzxAudY.mp3,F# minor,125,,,,,,,,,
7ae0tzVo8Fw.mp3,B major,152,,,,,,,,,
7b8zeykara0.mp3,E major,103,,,,,,,,,
7b5CKSqlz60.mp3,G# minor,117,,,,,,,,,
7ClI2bp__Bs.mp3,A# minor,107,,,,,,,,,
7AVmI73va4g.mp3,D minor,156,,,,,,,,,
7Cqz-S8Phv8.mp3,F major,94,,,,,,,,,
7DZao4kN73M.mp3,A# major,118,,,,,,,,,
7gMZ62PsvRM.mp3,F minor,129,,,,,,,,,
7GKuZu9xkj0.mp3,G major,91,,,,,,,,,
7Guufs3mdgg.mp3,E minor,112,,,,,,,,,
7IcGYHU8WBo.mp3,F# major,143,,,,,,,,,
7gPc6027rb8.mp3,F major,110,,,,,,,,,
7iCXk67TIB0.mp3,D minor,96,,,,,,,,,
7is6r6zXFDc.mp3,D minor,123,,,,,,,,,
7JUExZaSNKA.mp3,F# major,172,,,,,,,,,
7jXUWe3MV_c.mp3,A major,111,,,,,,,,,
7DrFY3H-u8w.mp3,D# major,178,,,,,,,,,
7LQpRQh2KSQ.mp3,D major,126,,,,,,,,,
7kxXVnAtnOQ.mp3,C major,100,,,,,,,,,
7N9HoLhZGsU.mp3,G major,99,,,,,,,,,
7pi6BtYXD1w.mp3,E minor,136,,,,,,,,,
7pOoSe2K5DU.mp3,F major,83,,,,,,,,,
7MJu_aWn1nI.mp3,D major,151,,,,,,,,,
7Ol2HYCnVbs.mp3,D minor,97,,,,,,,,,
7QBgCfKfXqQ.mp3,A minor,110,,,,,,,,,
7t2mi19DcmE.mp3,G# minor,156,,,,,,,,,
7sVGB2_zARY.mp3,G major,90,,,,,,,,,
7vCet60rr_s.mp3,F minor,172,,,,,,,,,
7T3J4n_PJaI.mp3,D minor,110,,,,,,,,,
7UjqLfjsfMk.mp3,B minor,83,,,,,,,,,
7VCYBtx6h4g.mp3,A# minor,96,,,,,,,,,
7w_AT2sHBss.mp3,D# minor,141,,,,,,,,,
7ZbLntTvV8o.mp3,D minor,80,,,,,,,,,
7ZOKDqjqbX0.mp3,G# major,97,,,,,,,,,
7X_6k8CjdVI.mp3,A minor,99,,,,,,,,,
8-p0CxW87pg.mp3,E major,108,,,,,,,,,
7ZvOqYVs2ao.mp3,E major,149,,,,,,,,,
8eA24a6ohjs.mp3,D major,124,,,,,,,,,
8Bc0WjTT0Ps.mp3,A minor,112,,,,,,,,,
8EtGkNVD320.mp3,E major,110,,,,,,,,,
8BCIOFSym9s.mp3,C major,136,,,,,,,,,
8FYJKrHNeqI.mp3,A minor,136,,,,,,,,,
8fs2Yh1PFwM.mp3,C major,111,,,,,,,,,
8hDtBVP3U4Q.mp3,A# major,178,,,,,,,,,
8iXdsvgpwc8.mp3,E major,111,,,,,,,,,
8IkS1oXvhVM.mp3,E minor,128,,,,,,,,,
8N9gSS_HRcE.mp3,G minor,120,,,,,,,,,
8Ozc-h-29M0.mp3,A minor,150,,,,,,,,,
8pmw5CAc3rk.mp3,D major,126,,,,,,,,,
8QRs0ejxjEc.mp3,F minor,93,,,,,,,,,
8nG_wVxO7EM.mp3,A major,153,,,,,,,,,
8Suu84khNGY.mp3,A# minor,152,,,,,,,,,
8sjUcp0UQI0.mp3,C major,90,,,,,,,,,
8tEsxbCl21E.mp3,E minor,139,,,,,,,,,
8uK-mCxVl84.mp3,A# major,135,,,,,,,,,
8VdG8eCxors.mp3,F# major,90,,,,,,,,,
8zOgbkg6Akw.mp3,C major,164,,,,,,,,,
8zTDbpxT8ZI.mp3,A# major,123,,,,,,,,,
8Z9hWVZ_BiM.mp3,D major,142,,,,,,,,,
9go38MgZ4w8.mp3,F# major,127,,,,,,,,,
9grrfloJCgc.mp3,A major,100,,,,,,,,,
9cLZQ_2ITLI.mp3,D# major,120,,,,,,,,,
9gspElv1yvc.mp3,C# major,117,,,,,,,,,
9Id_r6pNsus.mp3,A# major,121,,,,,,,,,
9HppFNyqVOI.mp3,E major,153,,,,,,,,,
9l2FeI5GMg0.mp3,C# minor,90,,,,,,,,,
9Lw-2ZGvyLw.mp3,F major,136,,,,,,,,,
9n0w7F5hGYM.mp3,A minor,130,,,,,,,,,
9sz6xhPkGJ4.mp3,A minor,137,,,,,,,,,
9WoM2bHfr48.mp3,D# major,155,,,,,,,,,
9iL8pGHgBjU.mp3,A major,110,,,,,,,,,
9ypxRGSrS-k.mp3,F minor,140,,,,,,,,,
10okyjMjlH8.mp3,A# major,96,,,,,,,,,
12sqXKF6Zv4.mp3,A# major,134,,,,,,,,,
17j5QzF3kqE.mp3,A minor,120,,,,,,,,,
9xGRii6IA1M.mp3,G major,113,,,,,,,,,
19EW551nCS4.mp3,G major,139,,,,,,,,,
23kdGfzDaCs.mp3,C major,95,,,,,,,,,
26bw-hBiAAI.mp3,A# major,94,,,,,,,,,
28pbk_cQx-w.mp3,G major,97,,,,,,,,,
29dlGyKAySY.mp3,G major,112,,,,,,,,,
29VGZtnCD30.mp3,D# major,132,,,,,,,,,
29GrCUTdu3A.mp3,B major,104,,,,,,,,,
31pEZWaIhr0.mp3,D# major,185,,,,,,,,,
43_vQdp2k_o.mp3,F major,100,,,,,,,,,
47cAxRX3aDg.mp3,G# minor,84,,,,,,,,,
39RQH0mpsVQ.mp3,G minor,144,,,,,,,,,
44e-Y08_B-0.mp3,F minor,152,,,,,,,,,
48zAauZBi58.mp3,C major,127,,,,,,,,,
55BZ2gSsSmY.mp3,C major,103,,,,,,,,,
56b09ZyLaWk.mp3,G major,172,,,,,,,,,
064ipuBiWDg.mp3,A minor,88,,,,,,,,,
64G5FfG2Xpg.mp3,A minor,111,,,,,,,,,
58ldzvk0t50.mp3,G major,150,,,,,,,,,
64KZVm0kWnc.mp3,C# major,96,,,,,,,,,
69MpLiYhsXw.mp3,C# minor,87,,,,,,,,,
64RHWvy_SoI.mp3,A minor,141,,,,,,,,,
75F3CSZcCFs.mp3,G minor,148,,,,,,,,,
80S3N-QnpZk.mp3,B minor,155,,,,,,,,,
79GTD0Q3-yI.mp3,E minor,115,,,,,,,,,
67jh16fASvI.mp3,A# major,153,,,,,,,,,
82kYQ7j7X2s.mp3,C major,152,,,,,,,,,
83nS4EGKU04.mp3,A# major,108,,,,,,,,,
82n1PX1hVEY.mp3,E major,109,,,,,,,,,
86IpU3g-S8Q.mp3,A# major,117,,,,,,,,,
90fRlMQTdSs.mp3,D# minor,108,,,,,,,,,
88KNf0MtU14.mp3,A minor,137,,,,,,,,,
95QcBNJN984.mp3,C minor,123,,,,,,,,,
83_ceB0TsiY.mp3,C major,140,,,,,,,,,
98BIu9dpwHU.mp3,C minor,124,,,,,,,,,
111MTs7MGuw.mp3,C major,107,,,,,,,,,
350tD8E7htM.mp3,D major,65,,,,,,,,,
113mRmchumY.mp3,C major,143,,,,,,,,,
99iAONlvpbw.mp3,A minor,95,,,,,,,,,
377kVIgBOJQ.mp3,D minor,123,,,,,,,,,
694TX2lQ7Uo.mp3,D minor,165,,,,,,,,,
487-TyrRkfE.mp3,A minor,109,,,,,,,,,
893HhPM_0ks.mp3,B minor,99,,,,,,,,,
913xrM9FYpI.mp3,A# major,96,,,,,,,,,
a_FEhbdChkI.mp3,C major,120,,,,,,,,,
797j7LY1eb4.mp3,D minor,118,,,,,,,,,
a1gpOAYth8k.mp3,G minor,178,,,,,,,,,
A01uRcmyuWc.mp3,A major,121,,,,,,,,,
A1W6Ku5bJR4.mp3,C minor,123,,,,,,,,,
A-taWymx1WI.mp3,C minor,84,,,,,,,,,
a2RY14Zqdvw.mp3,A minor,105,,,,,,,,,
a2E5J157hEo.mp3,D major,112,,,,,,,,,
a3NQ7CA-8JY.mp3,A# minor,95,,,,,,,,,
a05vigJA4SY.mp3,E minor,125,,,,,,,,,
a7w7CTL8VaE.mp3,A# major,110,,,,,,,,,
a9WB_PXjTBo.mp3,D# major,100,,,,,,,,,
AAs2hd9AJoE.mp3,G major,129,,,,,,,,,
aaZnRfrrunA.mp3,C major,123,,,,,,,,,
a05SWVIPdb8.mp3,G major,164,,,,,,,,,
AEMuSvSiFNU.mp3,C minor,112,,,,,,,,,
AEMK1O0BDqA.mp3,A# major,123,,,,,,,,,
Af1OxkFOK18.mp3,A minor,84,,,,,,,,,
afS5ks54tms.mp3,A minor,126,,,,,,,,,
AhlpVjZxutw.mp3,A minor,110,,,,,,,,,
AhZo0QfFO9E.mp3,D major,93,,,,,,,,,
AK88MQWsYj8.mp3,G# major,96,,,,,,,,,
abLB7aTmnE4.mp3,A# major,104,,,,,,,,,
AmjUGJwu810.mp3,E major,112,,,,,,,,,
ALaqqMY2m0k.mp3,A major,93,,,,,,,,,
ALD72k9ZuJk.mp3,F major,143,,,,,,,,,
APAcU3YBhYc.mp3,A minor,101,,,,,,,,,
Ao0jaXRAarQ.mp3,G major,110,,,,,,,,,
AQ_XSHpIbZE.mp3,G minor,125,,,,,,,,,
Ao2PTDCiRxU.mp3,B major,104,,,,,,,,,
ApqQW5Nx1qI.mp3,F major,140,,,,,,,,,
Ar7Fj1LzFp8.mp3,F# minor,98,,,,,,,,,
ArTzPA5AsTg.mp3,G major,165,,,,,,,,,
as_SyfYC5UM.mp3,A minor,120,,,,,,,,,
ASsZ-u9YV3c.mp3,G# major,108,,,,,,,,,
aTi6i0FZCfI.mp3,G major,185,,,,,,,,,
AU1iq9rqYJ0.mp3,D# major,113,,,,,,,,,
aumsEbfWnjk.mp3,F minor,149,,,,,,,,,
Avsp_UJ3mrY.mp3,A# minor,136,,,,,,,,,
awq90APEVgw.mp3,F# minor,123,,,,,,,,,
AR-Iz1fts5M.mp3,F minor,155,,,,,,,,,
aw0OZ7wZm6U.mp3,A# major,146,,,,,,,,,
axN-hs4slpY.mp3,G minor,108,,,,,,,,,
aYnA8TCzUvc.mp3,A major,100,,,,,,,,,
axsqWbxZJGc.mp3,A minor,129,,,,,,,,,
azDtIqe-zzE.mp3,A major,129,,,,,,,,,
aySEdLaEDc8.mp3,D# major,164,,,,,,,,,
AZMSAzZ76EU.mp3,C major,118,,,,,,,,,
b_L3jgr97FM.mp3,C minor,145,,,,,,,,,
b_u5C749aKQ.mp3,D# major,148,,,,,,,,,
azJEx1URHsI.mp3,A major,118,,,,,,,,,
b-CJNGx_Q0A.mp3,C# minor,110,,,,,,,,,
aZSzMIFZT7Q.mp3,A minor,143,,,,,,,,,
B0YOlACRlJM.mp3,A minor,164,,,,,,,,,
B-XHdkCsc5U.mp3,A major,130,,,,,,,,,
b3F-20ld720.mp3,E major,125,,,,,,,,,
b3Z5pAZe0E8.mp3,D major,127,,,,,,,,,
b6EBK0ujV3o.mp3,D minor,104,,,,,,,,,
b8TC7zxvWBs.mp3,G major,107,,,,,,,,,
B4kwU1kjOV0.mp3,G major,86,,,,,,,,,
b95oyhSd5ls.mp3,D major,94,,,,,,,,,
bATzbhGbjiM.mp3,C major,128,,,,,,,,,
bB90Vkyqrts.mp3,A major,138,,,,,,,,,
b5HLsvwLPpQ.mp3,D minor,113,,,,,,,,,
bCxiuuJVT-8.mp3,G major,109,,,,,,,,,
BDan7ClvO3Y.mp3,C major,112,,,,,,,,,
BDj1fYlwR00.mp3,C major,110,,,,,,,,,
bbEy98llGRU.mp3,E major,70,,,,,,,,,
BemkXyTc81w.mp3,A# major,115,,,,,,,,,
bfs8hVNvVik.mp3,E minor,99,,,,,,,,,
BeougwoxuMg.mp3,D major,105,,,,,,,,,
bGFyHV2vbwE.mp3,D# major,120,,,,,,,,,
BDumsN1NCGg.mp3,F minor,118,,,,,,,,,
BgZluCEBS6w.mp3,D minor,95,,,,,,,,,
bHwLgwBd6k0.mp3,C major,80,,,,,,,,,
bggFBWn7YoI.mp3,C# major,139,,,,,,,,,
Bh3b6M4g8BA.mp3,F minor,128,,,,,,,,,
Bja2_Qclk9Q.mp3,A# major,135,,,,,,,,,
BhYnz0JQKUo.mp3,F minor,96,,,,,,,,,
bJafiCKliA8.mp3,A# minor,90,,,,,,,,,
BJDPKBNuqzE.mp3,F major,96,,,,,,,,,
BJQfT9C5Adc.mp3,F major,118,,,,,,,,,
bL2qqJOSw0c.mp3,D# major,120,,,,,,,,,
bL6aaatfWQU.mp3,E major,120,,,,,,,,,
bJZAvOefJiI.mp3,D major,136,,,,,,,,,
Bl6PZDkaT1I.mp3,D minor,85,,,,,,,,,
BnQMq5wtZcg.mp3,G major,144,,,,,,,,,
BntPVmeo7ro.mp3,G# major,135,,,,,,,,,
bltuzqFTaiw.mp3,G minor,95,,,,,,,,,
bqeGxMgVOHI.mp3,D minor,93,,,,,,,,,
BoKUmFuV7iQ.mp3,E minor,147,,,,,,,,,
BqjKUubsohs.mp3,D minor,162,,,,,,,,,
bQRLVxZHKPs.mp3,F minor,117,,,,,,,,,
Bp4tUXc5wZo.mp3,A# major,108,,,,,,,,,
bRKqFFIw18w.mp3,G major,89,,,,,,,,,
BR07oZC0QHU.mp3,A minor,129,,,,,,,,,
BRMQ08cG4Xg.mp3,C# major,137,,,,,,,,,
brq5oJFIKJ0.mp3,C major,110,,,,,,,,,
BSaBDtpts4c.mp3,C minor,137,,,,,,,,,
BRKbcWGkw1I.mp3,A minor,140,,,,,,,,,
BVWXKziczM8.mp3,D minor,102,,,,,,,,,
BtKw7V7hGok.mp3,A minor,162,,,,,,,,,
Bw0KIjIfprU.mp3,B minor,141,,,,,,,,,
bWKgzgGNi0E.mp3,G minor,140,,,,,,,,,
Bw1Iwzst2bc.mp3,D major,109,,,,,,,,,
bxcX-aJG-4k.mp3,A# major,101,,,,,,,,,
Bxaq80Hp5bY.mp3,A# major,123,,,,,,,,,
bwz98athxQ8.mp3,F minor,138,,,,,,,,,
bXL8QPWLbBo.mp3,D# minor,143,,,,,,,,,
By0S8NpLPH4.mp3,A major,109,,,,,,,,,
BZ1Y2-KV1kg.mp3,B minor,120,,,,,,,,,
bZIzRqDOSZo.mp3,A# minor,80,,,,,,,,,
byPCI7Y4paw.mp3,A# minor,133,,,,,,,,,
c-PfqVlBUuQ.mp3,F# minor,109,,,,,,,,,
bzoE5dlxH2s.mp3,G minor,110,,,,,,,,,
C_8TGTKdrlY.mp3,D major,104,,,,,,,,,
C6d4o6hxZOY.mp3,C# minor,117,,,,,,,,,
c0BCoeOf-Ys.mp3,G major,136,,,,,,,,,
c6PPa6sg20E.mp3,A# major,139,,,,,,,,,
C6Ds54kVdlQ.mp3,E minor,96,,,,,,,,,
c7nRTF2SowQ.mp3,A major,120,,,,,,,,,
C7kmm16PoDY.mp3,A# major,109,,,,,,,,,
c9THt-uJRTU.mp3,G major,144,,,,,,,,,
c19HRM0x-lA.mp3,A# major,172,,,,,,,,,
C39GKOf9clo.mp3,C minor,162,,,,,,,,,
C7WeZbRbxwg.mp3,G# major,102,,,,,,,,,
cbfDGMfXimA.mp3,F minor,178,,,,,,,,,
cBoD_zRfz_4.mp3,A# major,140,,,,,,,,,
cbtf1oyNg-8.mp3,D# minor,129,,,,,,,,,
CceSRMmhv3w.mp3,E minor,123,,,,,,,,,
CCBnUx5uMqE.mp3,E major,90,,,,,,,,,
Ccj7qX_NdJw.mp3,G major,153,,,,,,,,,
cc-ClutaN_I.mp3,F major,152,,,,,,,,,
cCqaWIvJCpk.mp3,D major,101,,,,,,,,,
CDuxXjaJwbI.mp3,A minor,123,,,,,,,,,
cDzYgqkQ_lE.mp3,D major,97,,,,,,,,,
ccWrbGEFgI8.mp3,D# major,87,,,,,,,,,
CgxYSbtp9JE.mp3,G major,165,,,,,,,,,
CFHpEF261Eg.mp3,A# major,120,,,,,,,,,
CkF1rck0hIc.mp3,A major,142,,,,,,,,,
ckXUcAULF6Q.mp3,F major,130,,,,,,,,,
ckwJXpe7fQs.mp3,A minor,123,,,,,,,,,
ck14LKBI9GM.mp3,F minor,132,,,,,,,,,
cLqnbOhRovY.mp3,G major,130,,,,,,,,,
cnIYtqPUlFs.mp3,E minor,104,,,,,,,,,
Clu36dt2y88.mp3,F major,78,,,,,,,,,
cO7iCbtlcIc.mp3,A# minor,129,,,,,,,,,
cp1DMQ-x33k.mp3,G major,144,,,,,,,,,
CPtRohwHMB4.mp3,A minor,112,,,,,,,,,
Cs6A-FCUPdw.mp3,A minor,129,,,,,,,,,
csrPT9ClVUc.mp3,D minor,123,,,,,,,,,
ctemZdDG7YA.mp3,A# major,123,,,,,,,,,
CtWirGxV7Q8.mp3,A major,100,,,,,,,,,
Cqs2F-lpGrA.mp3,A minor,75,,,,,,,,,
Cu-qFrFMc_w.mp3,B major,100,,,,,,,,,
cTfmQht0AdE.mp3,A major,125,,,,,,,,,
cvnqS95cEJ8.mp3,A minor,90,,,,,,,,,
cv157ZIInUk.mp3,D minor,113,,,,,,,,,
CwpNQWrD8PY.mp3,F major,117,,,,,,,,,
Cx_5i5rWVE0.mp3,A minor,144,,,,,,,,,
CXO_zyozrHA.mp3,D major,95,,,,,,,,,
CXPgCq-EMk8.mp3,C minor,142,,,,,,,,,
cw6x80Qdzak.mp3,A minor,90,,,,,,,,,
cXw2gm4yPEE.mp3,E major,162,,,,,,,,,
CzcxM6u7ey0.mp3,C major,98,,,,,,,,,
cYIN-b8qjmo.mp3,A# major,100,,,,,,,,,
cZTD62e566U.mp3,G# major,164,,,,,,,,,
czYixQFLbd4.mp3,A major,152,,,,,,,,,
cyVzjoj96vs.mp3,A major,110,,,,,,,,,
D1leFabPbPw.mp3,D minor,128,,,,,,,,,
D0cyg74awpI.mp3,A minor,118,,,,,,,,,
D-ie_aFsfb8.mp3,F# minor,123,,,,,,,,,
D3KsGTIeO7A.mp3,C minor,104,,,,,,,,,
d2QNuDUTocE.mp3,A# minor,129,,,,,,,,,
D3J7R6WBJJc.mp3,E major,135,,,,,,,,,
d4m2LDCuADg.mp3,A minor,128,,,,,,,,,
D5l-H3fj8Rw.mp3,A# minor,95,,,,,,,,,
D5H1A7-6E_U.mp3,G# major,128,,,,,,,,,
D93S3UVU8pk.mp3,D major,156,,,,,,,,,
daIrc6uBRkc.mp3,D major,165,,,,,,,,,
d5kW4pI_VQw.mp3,D major,100,,,,,,,,,
dcNrh8FL3vE.mp3,E major,82,,,,,,,,,
dBVeiyPVWrU.mp3,F minor,119,,,,,,,,,
Dd_GSSQQGNY.mp3,C minor,109,,,,,,,,,
dcTjsBMIRU0.mp3,D# major,83,,,,,,,,,
dGcIUitNlGQ.mp3,G# major,102,,,,,,,,,
dDTBnsqxZ3k.mp3,A# minor,96,,,,,,,,,
dhwKGg4mhiY.mp3,G major,100,,,,,,,,,
DG6fhub9HDQ.mp3,A major,117,,,,,,,,,
Dip_ThFvjKI.mp3,A# major,163,,,,,,,,,
dJaLU0w5Do4.mp3,A major,125,,,,,,,,,
dI-xHMM8wXE.mp3,A minor,100,,,,,,,,,
DkJ2tyCzyiA.mp3,F major,139,,,,,,,,,
DJLDF6qZUX0.mp3,C major,120,,,,,,,,,
dJy8MUESM3k.mp3,E major,185,,,,,,,,,
DlB4hFTAxOo.mp3,D major,100,,,,,,,,,
dKj4PDldebc.mp3,C minor,108,,,,,,,,,
dlcbYh3IKVM.mp3,E major,132,,,,,,,,,
Dlf1_vuIR4I.mp3,B minor,108,,,,,,,,,
dlEbGH9HeVg.mp3,F minor,113,,,,,,,,,
DLGac1KQbsU.mp3,E minor,96,,,,,,,,,
dlNnjtEXyi0.mp3,G minor,90,,,,,,,,,
DMA4o6zqw58.mp3,A minor,96,,,,,,,,,
dn7u5XvupSU.mp3,G major,115,,,,,,,,,
DM58BGhJ6oo.mp3,G# major,93,,,,,,,,,
DPEJB-FCItk.mp3,D major,118,,,,,,,,,
drjhfrRFoeA.mp3,D major,84,,,,,,,,,
dSEI_Iny_zc.mp3,D minor,172,,,,,,,,,
dSi0fJq0wKI.mp3,C minor,89,,,,,,,,,
dt8WKBM6Tjs.mp3,C major,151,,,,,,,,,
DoXRMooXv0c.mp3,D# major,136,,,,,,,,,
dQmK1CnwOUI.mp3,G# major,129,,,,,,,,,
dUwUAWmA3rk.mp3,F minor,142,,,,,,,,,
dTcv5q4WfMM.mp3,D major,84,,,,,,,,,
dUig9IAwggM.mp3,F minor,120,,,,,,,,,
DvpKouRTCx0.mp3,F major,104,,,,,,,,,
dvWGLcdI8o8.mp3,F# major,113,,,,,,,,,
dX_YU9zCqqA.mp3,F# major,108,,,,,,,,,
dWspEgdrUdM.mp3,A# major,107,,,,,,,,,
DwhTYFwfACA.mp3,C# minor,98,,,,,,,,,
dxtVed45gVo.mp3,A major,144,,,,,,,,,
DyMtcblMXfM.mp3,F major,113,,,,,,,,,
dytCWrf92zc.mp3,G# major,106,,,,,,,,,
dY1ecfWT3GQ.mp3,A minor,117,,,,,,,,,
DyO-z_7Ip9c.mp3,F# minor,80,,,,,,,,,
DYYy8_GCdn4.mp3,F major,129,,,,,,,,,
DZRmcKX85so.mp3,G major,93,,,,,,,,,
e0vyx9sa99E.mp3,A minor,112,,,,,,,,,
E-MRp96TgbQ.mp3,F minor,95,,,,,,,,,
dZmuTGFusIs.mp3,A major,101,,,,,,,,,
e3fv8IbnhXw.mp3,D major,117,,,,,,,,,
E3h-T3KQNxU.mp3,C minor,117,,,,,,,,,
E4_ygnUilm4.mp3,C major,172,,,,,,,,,
e3hB3iOQKjY.mp3,E major,117,,,,,,,,,
e4SQT8epHOc.mp3,C minor,133,,,,,,,,,
e8iwjnN8j3A.mp3,G major,120,,,,,,,,,
E3pMBPFUPFM.mp3,A minor,98,,,,,,,,,
e52TSXwj774.mp3,G major,81,,,,,,,,,
e8374g64kCE.mp3,C major,125,,,,,,,,,
eBDXxtnRp4Y.mp3,A minor,112,,,,,,,,,
EbnWbdR9wSY.mp3,D minor,129,,,,,,,,,
e60aAnThrvU.mp3,A minor,140,,,,,,,,,
Ed3vswxJKgI.mp3,C major,124,,,,,,,,,
EC9j6Wfdq3o.mp3,A# major,136,,,,,,,,,
E71sKFD-spQ.mp3,F# major,128,,,,,,,,,
eeVelhH-aIU.mp3,C# minor,152,,,,,,,,,
eEgMjH9bVgQ.mp3,D minor,127,,,,,,,,,
Ei6JvK0W60I.mp3,A# major,172,,,,,,,,,
eFYH9kMHiIg.mp3,C major,162,,,,,,,,,
EgmNEgIFBTQ.mp3,D major,103,,,,,,,,,
EIv10asX7cc.mp3,A major,132,,,,,,,,,
eI6mIlHKrVY.mp3,A major,127,,,,,,,,,
ejEBSeddCg8.mp3,C minor,108,,,,,,,,,
EjQ5Yw72xtA.mp3,G major,101,,,,,,,,,
eikcKu89fDs.mp3,F major,126,,,,,,,,,
EJxibzQfeBA.mp3,C major,132,,,,,,,,,
Ejf8lk9nYH4.mp3,D# minor,172,,,,,,,,,
EJtZiGb5nEU.mp3,G major,164,,,,,,,,,
eke4s0erdgs.mp3,A major,89,,,,,,,,,
eLhLqDUwPok.mp3,B minor,97,,,,,,,,,
EkcRPhF2gO0.mp3,G# major,137,,,,,,,,,
EmzgkMsf_GQ.mp3,A minor,118,,,,,,,,,
ENau7AkayN8.mp3,A# major,128,,,,,,,,,
enJbXlb4zqo.mp3,F# major,120,,,,,,,,,
ENp3y6Sk8pk.mp3,A minor,155,,,,,,,,,
EOyQfd7OqIY.mp3,D# major,162,,,,,,,,,
en4muUSIRT4.mp3,G major,135,,,,,,,,,
eQL3EiJnXFU.mp3,F major,185,,,,,,,,,
eoCNG4yP3Tc.mp3,C major,165,,,,,,,,,
EQtwo0xPvK4.mp3,A minor,139,,,,,,,,,
EQobIUE1zTU.mp3,D minor,115,,,,,,,,,
erhsuXTyDww.mp3,A# minor,178,,,,,,,,,
evApapdysp0.mp3,A minor,140,,,,,,,,,
ew9cEATPzDE.mp3,A# minor,117,,,,,,,,,
ewcsazvpxT0.mp3,A minor,105,,,,,,,,,
eX4MdXF3OWI.mp3,G# minor,120,,,,,,,,,
excxIZ4wUvg.mp3,C major,92,,,,,,,,,
EYEHUOpwNvE.mp3,G minor,114,,,,,,,,,
EZ5MxR80uYw.mp3,C major,98,,,,,,,,,
eyzWlMZ1Y54.mp3,C major,118,,,,,,,,,
Es_uivijpek.mp3,F minor,123,,,,,,,,,
eZgD89VYkVc.mp3,D# major,161,,,,,,,,,
F_ivP4xqeZo.mp3,D major,107,,,,,,,,,
F_M7zOew2Pc.mp3,E minor,115,,,,,,,,,
F_-gmK5qRrY.mp3,F major,129,,,,,,,,,
f_SwD7RveNE.mp3,D# minor,95,,,,,,,,,
f_mJmL5B47c.mp3,G major,140,,,,,,,,,
F-z_WSTjr7c.mp3,C major,126,,,,,,,,,
F0yNIR6IrCg.mp3,F major,116,,,,,,,,,
F-n-2itvI6M.mp3,D major,126,,,,,,,,,
F-OgKyUuFfI.mp3,C major,137,,,,,,,,,
f1PNQwHZuJc.mp3,D# major,162,,,,,,,,,
F02kgBHjBms.mp3,F minor,151,,,,,,,,,
F0ZSXQCXX1A.mp3,A major,107,,,,,,,,,
F4dQ0RchtJw.mp3,D# minor,123,,,,,,,,,
f1ZK7T5dezI.mp3,C minor,90,,,,,,,,,
faAZo970RA4.mp3,C minor,109,,,,,,,,,
F9_Vz_xVjAU.mp3,G major,149,,,,,,,,,
F7hwvWIK1eM.mp3,C# major,137,,,,,,,,,
fB9ERHjCzfI.mp3,A minor,118,,,,,,,,,
FcVno8saeZY.mp3,B major,105,,,,,,,,,
fF0ZmIf7H9k.mp3,G major,156,,,,,,,,,
fDoDUC9M0Sg.mp3,G major,149,,,,,,,,,
faTF8wpZ4gA.mp3,C minor,117,,,,,,,,,
FHDKHKixKdY.mp3,F minor,115,,,,,,,,,
FhfcdqMTtU4.mp3,E major,140,,,,,,,,,
ffQf0ztguzs.mp3,F major,153,,,,,,,,,
FFsL8JBVWm4.mp3,A major,107,,,,,,,,,
FhjX5ld3_v0.mp3,A minor,109,,,,,,,,,
fHV2iN0TmMA.mp3,A minor,123,,,,,,,,,
fiMdhT67xqA.mp3,E major,130,,,,,,,,,
fi7G0RgqcxQ.mp3,F major,117,,,,,,,,,
Fj7kFvk-T7g.mp3,C major,133,,,,,,,,,
fKTTV-E-aLs.mp3,A minor,115,,,,,,,,,
fk_YSO0py7s.mp3,D minor,121,,,,,,,,,
FlzMcscSa4A.mp3,D minor,162,,,,,,,,,
FmlzOh-1KJA.mp3,C# minor,100,,,,,,,,,
FivFaqZrr4A.mp3,G major,107,,,,,,,,,
FnJ645xph3o.mp3,C major,111,,,,,,,,,
fLCEd8xk1BE.mp3,C major,153,,,,,,,,,
fncOu6dp1IY.mp3,G# major,133,,,,,,,,,
FoGGDKV88Fg.mp3,F major,83,,,,,,,,,
fOUilxJWm24.mp3,A major,104,,,,,,,,,
Fr6FklMc6B0.mp3,G minor,100,,,,,,,,,
FqvLcVBOhP4.mp3,A major,129,,,,,,,,,
fq9mw8wR-1Q.mp3,B minor,132,,,,,,,,,
fsE0g-8CDQo.mp3,A minor,87,,,,,,,,,
FT7lLnd_DYE.mp3,D# major,91,,,,,,,,,
FsofrMY5kbo.mp3,D major,112,,,,,,,,,
FsW2QM2oLy4.mp3,A# major,126,,,,,,,,,
ftgxuNLVvVw.mp3,F major,120,,,,,,,,,
FtnESCiZRnw.mp3,B minor,155,,,,,,,,,
FVsgso273EE.mp3,C minor,166,,,,,,,,,
fXT3Sma4-rg.mp3,F major,165,,,,,,,,,
FxZ_Z-_j71I.mp3,D# minor,107,,,,,,,,,
fwcYbo7pjto.mp3,C# major,106,,,,,,,,,
FVuNTiqHys0.mp3,A minor,135,,,,,,,,,
FxZNhjkMtFE.mp3,G major,137,,,,,,,,,
fylVXsXr5Jk.mp3,A minor,114,,,,,,,,,
FyVjesaMg1E.mp3,G major,109,,,,,,,,,
fyxJwYV1a6s.mp3,C# minor,127,,,,,,,,,
g0ha6Mb5_YQ.mp3,A major,164,,,,,,,,,
g_dFf9mWxPI.mp3,C minor,112,,,,,,,,,
g0jv6M6rW7w.mp3,F minor,117,,,,,,,,,
g0qawngQi6Q.mp3,G# minor,118,,,,,,,,,
g0u0oEUcasU.mp3,F minor,148,,,,,,,,,
G1FV7dND0NY.mp3,G# major,104,,,,,,,,,
G1cVbfyFdf0.mp3,F major,103,,,,,,,,,
G1kkx2m-JSg.mp3,A major,178,,,,,,,,,
G2wBnjtmmg8.mp3,D major,117,,,,,,,,,
g4qWbtSCxtc.mp3,G# major,111,,,,,,,,,
G01psD8GU-M.mp3,D# minor,147,,,,,,,,,
g2X9Q-Xre_Q.mp3,C# minor,123,,,,,,,,,
g6QJybQBjyM.mp3,D major,144,,,,,,,,,
g6krjPi4Osc.mp3,D# major,129,,,,,,,,,
G9ZvxYcPJk8.mp3,A# minor,155,,,,,,,,,
g7xSwrdkOMM.mp3,A minor,111,,,,,,,,,
g7trxwtUgVg.mp3,A major,105,,,,,,,,,
gcbLmoYWMiU.mp3,A major,156,,,,,,,,,
GdZxbmEHW7M.mp3,A minor,135,,,,,,,,,
gEpfTicDVUE.mp3,G# major,92,,,,,,,,,
GEVMkdScUZc.mp3,G minor,92,,,,,,,,,
GF1RZ2A1cq4.mp3,F major,123,,,,,,,,,
ganRbr-WBiI.mp3,E major,115,,,,,,,,,
gEMUUL-Q7Io.mp3,D major,99,,,,,,,,,
GfUhExdNjK8.mp3,F# minor,107,,,,,,,,,
gg8P9fM3G8k.mp3,F major,149,,,,,,,,,
Ggg0bsUfLBk.mp3,D minor,85,,,,,,,,,
GI4QhYrDQjQ.mp3,C major,142,,,,,,,,,
ghex3MkcoJw.mp3,F minor,152,,,,,,,,,
GgiDBuBxl6w.mp3,C major,136,,,,,,,,,
giGkt5oAhT0.mp3,A major,129,,,,,,,,,
GINmvzOpfvc.mp3,C# minor,96,,,,,,,,,
gJGPsrTaGiw.mp3,A minor,96,,,,,,,,,
gKqqoQ0ug-Y.mp3,D# minor,136,,,,,,,,,
gm_n76Dsl0c.mp3,A major,114,,,,,,,,,
glPUjj0HIvw.mp3,F major,132,,,,,,,,,
GM2C0fiZcp8.mp3,A major,118,,,,,,,,,
gqkNPcUMffU.mp3,D# minor,127,,,,,,,,,
GqKXkKplELU.mp3,F major,130,,,,,,,,,
GqnjzONrPiA.mp3,G# minor,136,,,,,,,,,
GRKQJQIcn5o.mp3,F minor,113,,,,,,,,,
gQPN3UKQM-U.mp3,A# minor,144,,,,,,,,,
gm1uNgHw6Xo.mp3,B major,85,,,,,,,,,
gugjMmXQrDo.mp3,A minor,109,,,,,,,,,
gvEvRBeYO2M.mp3,F major,84,,,,,,,,,
gt0QF8-dTNw.mp3,E minor,120,,,,,,,,,
GvMbfC-Z8mc.mp3,A minor,155,,,,,,,,,
gXlDStpJVhM.mp3,F major,123,,,,,,,,,
GURvHJNmGrc.mp3,G major,155,,,,,,,,,
Gw_a4iutD1Q.mp3,A# minor,99,,,,,,,,,
GXru4Q7Lgxo.mp3,A minor,136,,,,,,,,,
GZ3x1tMre50.mp3,C minor,135,,,,,,,,,
Gz-sC-vSIXk.mp3,E minor,89,,,,,,,,,
H-V7cOestUs.mp3,A# minor,96,,,,,,,,,
h1HQxcTYTho.mp3,G minor,163,,,,,,,,,
H_WSu29W1CQ.mp3,D minor,103,,,,,,,,,
H02iwWCrXew.mp3,F major,123,,,,,,,,,
h6Hq_MOFJDA.mp3,C major,130,,,,,,,,,
H6JzeAHCd98.mp3,F minor,119,,,,,,,,,
h5LR-IZbbc0.mp3,G major,130,,,,,,,,,
h7k2uwJmwxo.mp3,C# major,162,,,,,,,,,
h8Ek3v1RBEU.mp3,C major,136,,,,,,,,,
h95-IL3C-Z8.mp3,D minor,105,,,,,,,,,
h7y6iE0aB5s.mp3,D major,140,,,,,,,,,
H50wW4eAFKo.mp3,C major,136,,,,,,,,,
HaYFeUhyQ9M.mp3,C major,102,,,,,,,,,
HAmI1MJECZ4.mp3,A minor,108,,,,,,,,,
HAZ-wyCu8uE.mp3,G major,126,,,,,,,,,
HAIWK9IXpHg.mp3,A minor,125,,,,,,,,,
hBwjS_4ow1Q.mp3,C major,121,,,,,,,,,
HbTs3TLo414.mp3,A# major,97,,,,,,,,,
HexTZbSIEII.mp3,F minor,100,,,,,,,,,
HG8tqEUTlvs.mp3,C major,104,,,,,,,,,
hFYCjZvv8y4.mp3,C major,136,,,,,,,,,
hHxE2wdegms.mp3,C major,95,,,,,,,,,
HgwvNhQ_YzQ.mp3,F major,107,,,,,,,,,
Hi2RE2Em6Cw.mp3,G# minor,178,,,,,,,,,
HHA0HRjDgc8.mp3,G major,120,,,,,,,,,
hInnyzLGS2I.mp3,A minor,117,,,,,,,,,
hieKgQNQpMA.mp3,A major,118,,,,,,,,,
HK958YS_YNA.mp3,C major,112,,,,,,,,,
HKV0QuQsonk.mp3,E major,172,,,,,,,,,
HjKRxa7ZyMs.mp3,A major,91,,,,,,,,,
HJxkAcj9TKM.mp3,E major,144,,,,,,,,,
HmZm8vNHBSU.mp3,A minor,107,,,,,,,,,
HnL-7x4n4d8.mp3,F major,88,,,,,,,,,
hMa1yH5QCxk.mp3,D# major,185,,,,,,,,,
HOYnOeo42ko.mp3,A minor,145,,,,,,,,,
hNqwBTCslMw.mp3,F major,87,,,,,,,,,
hPxZiCha6pM.mp3,F minor,100,,,,,,,,,
hQokYC2-b2A.mp3,D minor,83,,,,,,,,,
HQQs3nl0LcY.mp3,C minor,117,,,,,,,,,
Hr-4Aln1Il8.mp3,D minor,100,,,,,,,,,
hro4AdTYiTA.mp3,E major,155,,,,,,,,,
Hs3Y5jQkuAk.mp3,C# minor,105,,,,,,,,,
HRu7W935dyk.mp3,A minor,129,,,,,,,,,
Hsufiso4mLo.mp3,F major,123,,,,,,,,,
HssUnxcw9wQ.mp3,F# minor,144,,,,,,,,,
hsvAj6qfmFQ.mp3,D major,83,,,,,,,,,
Ht3HsVs9alo.mp3,C major,128,,,,,,,,,
htEtTra7rdw.mp3,D major,105,,,,,,,,,
Htbo1yW6qeU.mp3,D major,112,,,,,,,,,
HTOP6TOJwOI.mp3,A major,110,,,,,,,,,
HT666XwJR2s.mp3,D# minor,113,,,,,,,,,
HtYOm59fys8.mp3,F# minor,90,,,,,,,,,
HypgcCT1r68.mp3,E major,140,,,,,,,,,
hz8ul-gmLyA.mp3,F major,97,,,,,,,,,
Hv7t_zFUDBk.mp3,F major,154,,,,,,,,,
hxW2qrzciIA.mp3,A minor,89,,,,,,,,,
HZu1cTg-xUM.mp3,A minor,172,,,,,,,,,
Hzgzim5m7oU.mp3,A minor,118,,,,,,,,,
I_WGI3y2jqM.mp3,A# minor,123,,,,,,,,,
I0ZqXv8KsJc.mp3,C major,92,,,,,,,,,
i0NloNxh4xE.mp3,G major,92,,,,,,,,,
i0IJqIzO_YM.mp3,F major,130,,,,,,,,,
i2MhRCYkgbI.mp3,A# major,132,,,,,,,,,
i3Nkujj45pk.mp3,C major,111,,,,,,,,,
I4kNl7cQdcU.mp3,A major,155,,,,,,,,,
i6O98o2FRHw.mp3,D minor,135,,,,,,,,,
I6COwgigJ-g.mp3,E major,133,,,,,,,,,
i7GxI9aiiYE.mp3,A minor,118,,,,,,,,,
i7mmXeRvgLo.mp3,G# major,73,,,,,,,,,
ib-Qiyklq-Q.mp3,B major,133,,,,,,,,,
IDAr48u3BB0.mp3,C# major,124,,,,,,,,,
IdblOCGGeHM.mp3,C major,135,,,,,,,,,
idQhux3kqTw.mp3,F minor,135,,,,,,,,,
i8vDt5GUb-8.mp3,E major,90,,,,,,,,,
IDumJG4RXt8.mp3,A major,152,,,,,,,,,
ie621R03ZcU.mp3,F minor,115,,,,,,,,,
iFNi5-hppUE.mp3,A major,93,,,,,,,,,
ieSzsh4hJWI.mp3,B major,115,,,,,,,,,
igqR7Pcxfmk.mp3,A# major,140,,,,,,,,,
Ih4VYnbm6Sw.mp3,B major,172,,,,,,,,,
iJgnAHEHBYI.mp3,C major,107,,,,,,,,,
iHwdQdwc_Tk.mp3,C major,172,,,,,,,,,
iKQH9wQaviw.mp3,F major,127,,,,,,,,,
IlN82YoEpNo.mp3,E major,185,,,,,,,,,
IKPtNDYezLY.mp3,A# major,129,,,,,,,,,
ILQq5hQhHYY.mp3,A major,100,,,,,,,,,
iLsDZjIH7sE.mp3,G# minor,89,,,,,,,,,
INyo5ctzmGo.mp3,C minor,166,,,,,,,,,
iMfTHHLbj5g.mp3,D major,128,,,,,,,,,
iN9hRCxwxBQ.mp3,F# major,144,,,,,,,,,
IOqTCaziZp0.mp3,A minor,112,,,,,,,,,
IqhfGwnGNDg.mp3,C major,117,,,,,,,,,
IqlrxA2Atdg.mp3,A# major,129,,,,,,,,,
iQ1-jSvxMJ0.mp3,F# major,89,,,,,,,,,
iQnmoquHwaA.mp3,D# major,96,,,,,,,,,
iQuTPEYg2ow.mp3,A# major,99,,,,,,,,,
irUYwVN_AQ4.mp3,D major,83,,,,,,,,,
IQovoot_ZUM.mp3,A major,129,,,,,,,,,
ItX7H66gsrQ.mp3,D minor,86,,,,,,,,,
isPm79xTzM4.mp3,G minor,141,,,,,,,,,
iTUUWOV4Vns.mp3,A minor,128,,,,,,,,,
iTXN9uCd0mw.mp3,C major,94,,,,,,,,,
ITyeI3YyYw8.mp3,D# minor,123,,,,,,,,,
IuUyMMXix8M.mp3,D# major,142,,,,,,,,,
iVHy8MG2CQU.mp3,F major,120,,,,,,,,,
iuubaXDeXh0.mp3,E minor,118,,,,,,,,,
IwrstxuicZk.mp3,A minor,95,,,,,,,,,
ivLmx6ixRRc.mp3,D major,100,,,,,,,,,
Iy5jiYWuNKo.mp3,C# minor,123,,,,,,,,,
IvNkGm8mxiM.mp3,A major,144,,,,,,,,,
iYhCn0jf46U.mp3,D minor,90,,,,,,,,,
iyNQr8k622c.mp3,G major,72,,,,,,,,,
iYpxxHQrP_Y.mp3,C major,98,,,,,,,,,
IZrrEBD-KjY.mp3,A major,148,,,,,,,,,
iZIHSn1ILxs.mp3,C major,123,,,,,,,,,
J-QipXhQM5M.mp3,A major,172,,,,,,,,,
j-QYIP7o2-A.mp3,E major,102,,,,,,,,,
J3POpdFlxWE.mp3,G major,91,,,,,,,,,
J2pIvg-2vEY.mp3,C major,98,,,,,,,,,
j4tXCs4KgmU.mp3,A major,130,,,,,,,,,
j7OHG7tHrNM.mp3,A# minor,152,,,,,,,,,
j1U3s8TVACA.mp3,D major,95,,,,,,,,,
jA4DR4vEgrs.mp3,A minor,117,,,,,,,,,
j70ha1PUlqk.mp3,D# major,80,,,,,,,,,
JbxLsqJIdsk.mp3,A major,111,,,,,,,,,
jAF2hZxdFRE.mp3,A minor,104,,,,,,,,,
jc5XQSVeQ2c.mp3,C# minor,90,,,,,,,,,
J64QS4tE6ic.mp3,A minor,140,,,,,,,,,
jcC3xM8Wa1w.mp3,C major,100,,,,,,,,,
Jg5--STf-iE.mp3,F minor,178,,,,,,,,,
JDk3GQkTyN4.mp3,D major,123,,,,,,,,,
jgC8y0ksrRg.mp3,A major,107,,,,,,,,,
jgnUqYSxflg.mp3,A minor,144,,,,,,,,,
jEZMSF2jNYg.mp3,D minor,172,,,,,,,,,
JgaGXv1XnrA.mp3,G minor,120,,,,,,,,,
JiOZ4Bz2d-Q.mp3,A# minor,118,,,,,,,,,
jjV91ZRqu-o.mp3,A major,112,,,,,,,,,
JJmqCKtJnxM.mp3,B major,87,,,,,,,,,
JK_NinOmFWw.mp3,G major,111,,,,,,,,,
JkBNmBQb5qY.mp3,A# major,111,,,,,,,,,
jJ2yGIYMWwo.mp3,E minor,79,,,,,,,,,
jmCwWbAWyZ8.mp3,B major,105,,,,,,,,,
jlXRengzZoc.mp3,A minor,97,,,,,,,,,
JnP2bVBZ9O8.mp3,A# major,99,,,,,,,,,
jmNrvlQ73pU.mp3,D# minor,132,,,,,,,,,
JndtG8Y7yfw.mp3,G major,136,,,,,,,,,
jO3K0B3kLZs.mp3,C minor,127,,,,,,,,,
jnvgq8STMGM.mp3,C minor,126,,,,,,,,,
JOJ01KXTw-A.mp3,C minor,100,,,,,,,,,
JOOfRE4m7PE.mp3,C major,151,,,,,,,,,
jPoM2o9kIBM.mp3,F major,128,,,,,,,,,
JpVULjoF7uI.mp3,A major,93,,,,,,,,,
jqDrvC3E9kw.mp3,C# minor,128,,,,,,,,,
JqNjeNeJzuA.mp3,B minor,108,,,,,,,,,
Jr4gOCh_4Pw.mp3,A minor,100,,,,,,,,,
jRCTcUh-XOc.mp3,E major,94,,,,,,,,,
jr2gdPY-88w.mp3,D minor,129,,,,,,,,,
jR7RYKPJBdo.mp3,F# minor,115,,,,,,,,,
jsP0W7-tEOc.mp3,A minor,118,,,,,,,,,
jtwh3nQP5Uo.mp3,D# minor,91,,,,,,,,,
JSd8CqBEbcY.mp3,A major,132,,,,,,,,,
juDuVT2goxs.mp3,D major,92,,,,,,,,,
jUnG9FOmbqo.mp3,A minor,120,,,,,,,,,
JvcH3kpEP8E.mp3,A major,130,,,,,,,,,
jssITlGSR4w.mp3,F major,120,,,,,,,,,
jutQL0DNstM.mp3,A# major,110,,,,,,,,,
JWMM7HPeTHQ.mp3,F major,91,,,,,,,,,
jwTIa_2A9ZU.mp3,A major,162,,,,,,,,,
Jze_zGYTGxY.mp3,C major,101,,,,,,,,,
jzj7STruKgQ.mp3,F major,75,,,,,,,,,
JYu3LjgnT9s.mp3,B major,120,,,,,,,,,
JY02BTJrrOc.mp3,D minor,96,,,,,,,,,
K1HaaiNUTCM.mp3,D minor,129,,,,,,,,,
K4wLg5g1xPw.mp3,C minor,121,,,,,,,,,
K8ddz3Bu4KI.mp3,E minor,178,,,,,,,,,
K45m79fEyz8.mp3,C minor,107,,,,,,,,,
K8dGb3-ZCHM.mp3,G minor,161,,,,,,,,,
K783SDTBKmg.mp3,F# minor,123,,,,,,,,,
KbgKbMk5Q3o.mp3,F major,144,,,,,,,,,
kcrO-lf345o.mp3,F# major,70,,,,,,,,,
KDuLZeVfYcg.mp3,C major,130,,,,,,,,,
kEhUA5OYm1M.mp3,F minor,81,,,,,,,,,
kF89VnRrWr0.mp3,E minor,94,,,,,,,,,
kfrZnIx2VFE.mp3,C minor,89,,,,,,,,,
kfzqUsGMHE0.mp3,G major,90,,,,,,,,,
kHCDajKs17E.mp3,F# minor,110,,,,,,,,,
KGr_KFiCX4s.mp3,G major,151,,,,,,,,,
kH3JycOMCR0.mp3,D minor,172,,,,,,,,,
kHFnc_eV4Lg.mp3,C minor,136,,,,,,,,,
kjBGSC1ond8.mp3,G major,164,,,,,,,,,
KHx0_NFuGb4.mp3,F major,99,,,,,,,,,
kjc8kOCB3_k.mp3,G major,116,,,,,,,,,
KjpVMX3wcJQ.mp3,F minor,172,,,,,,,,,
Kjmq-ADfcGw.mp3,C major,100,,,,,,,,,
KJXzkUH72cY.mp3,D major,106,,,,,,,,,
kkiz1_d1GsA.mp3,D major,78,,,,,,,,,
Kk6Bi23Q7-E.mp3,E minor,126,,,,,,,,,
KKKOpKvk9Ok.mp3,E major,109,,,,,,,,,
kNLwH8AEa7Q.mp3,C# major,105,,,,,,,,,
KObDkEBwuTc.mp3,A# major,115,,,,,,,,,
KnwxN24E2yY.mp3,A# major,103,,,,,,,,,
kOSsIIxQ_dE.mp3,G major,152,,,,,,,,,
kPiC_fTPIbc.mp3,E major,102,,,,,,,,,
kqT_5f08Nxs.mp3,E minor,117,,,,,,,,,
kQyAJv_Ordg.mp3,C# minor,136,,,,,,,,,
krhB_An8fT4.mp3,A major,152,,,,,,,,,
krxgYqVdOG0.mp3,D major,111,,,,,,,,,
KQCbke3pps8.mp3,A minor,105,,,,,,,,,
ks9vBiL4SkA.mp3,B minor,139,,,,,,,,,
KsdD1MJXOpk.mp3,G# major,93,,,,,,,,,
KShkhIXdf1Y.mp3,E minor,128,,,,,,,,,
KT_155-ROy0.mp3,E major,151,,,,,,,,,
KTJ7BPvw-Co.mp3,A minor,111,,,,,,,,,
kte8Eij3TPQ.mp3,D minor,112,,,,,,,,,
KtkfE_OWSzo.mp3,A# major,153,,,,,,,,,
kUJjvwkcWcg.mp3,B minor,123,,,,,,,,,
KuNcSp2T4Lw.mp3,C minor,78,,,,,,,,,
kWSIFh8ICaA.mp3,C major,115,,,,,,,,,
Kx48dmDB28U.mp3,B minor,118,,,,,,,,,
kw03nalTAMQ.mp3,A minor,98,,,,,,,,,
kwcL-VP3FYc.mp3,F minor,163,,,,,,,,,
KY82nmR7U4o.mp3,F major,136,,,,,,,,,
KxmtYdEWVzo.mp3,D minor,140,,,,,,,,,
KyiV12WdJew.mp3,A# minor,153,,,,,,,,,
KYd5XMs-nVM.mp3,D minor,97,,,,,,,,,
KZMYWAW-5Js.mp3,A minor,125,,,,,,,,,
kZnBpmZXBms.mp3,C minor,105,,,,,,,,,
kZV01QAcl20.mp3,A minor,125,,,,,,,,,
L0KmvWL6Dfw.mp3,G major,104,,,,,,,,,
l0fJnbuc1ig.mp3,E minor,124,,,,,,,,,
l1vvlpJ8BEE.mp3,C# major,130,,,,,,,,,
l1vnsqbnAkk.mp3,A# major,151,,,,,,,,,
L4mP9pR-mzU.mp3,C minor,139,,,,,,,,,
l1gZkf_-UyI.mp3,G major,107,,,,,,,,,
L4t-fCKQCP4.mp3,D# minor,136,,,,,,,,,
L7bHdo2DJHY.mp3,C# minor,92,,,,,,,,,
l7IP5SV6GqQ.mp3,C major,91,,,,,,,,,
l6i-gYRAwM0.mp3,B minor,88,,,,,,,,,
l10LhdDwTZc.mp3,D major,129,,,,,,,,,
l7HqwAleUQg.mp3,E minor,147,,,,,,,,,
l9b5jym0ig8.mp3,F major,125,,,,,,,,,
LagGSTiSnto.mp3,A minor,115,,,,,,,,,
laot_Eomr3s.mp3,G minor,106,,,,,,,,,
lDUOmY80GhU.mp3,A minor,162,,,,,,,,,
lCuLxqGd0go.mp3,F major,118,,,,,,,,,
lDypBPyWiak.mp3,C major,89,,,,,,,,,
lfABnAS5i9Q.mp3,G major,133,,,,,,,,,
LfdiClhlLZk.mp3,A# minor,136,,,,,,,,,
Lgitw016T44.mp3,C# major,120,,,,,,,,,
LhGJvGhIzaw.mp3,E major,147,,,,,,,,,
LI3KRcGEkZg.mp3,D minor,100,,,,,,,,,
LJP1DphOWPs.mp3,A minor,118,,,,,,,,,
LJ2iH57Fs3M.mp3,A# minor,110,,,,,,,,,
lk2B8988ws0.mp3,G major,115,,,,,,,,,
LLrTPrp-fW8.mp3,A# minor,91,,,,,,,,,
LjBIJGMum9A.mp3,F major,117,,,,,,,,,
lLblbGzXQGY.mp3,C# minor,129,,,,,,,,,
lN2fuKPDzHA.mp3,C major,90,,,,,,,,,
Ln8_AUCIkAw.mp3,A# major,144,,,,,,,,,
LnoumTpLMfk.mp3,C# minor,86,,,,,,,,,
lNNDr1vH83Y.mp3,C minor,123,,,,,,,,,
lOGdCg61QoE.mp3,D minor,100,,,,,,,,,
LO6TpbqTTxI.mp3,D# minor,126,,,,,,,,,
LPa_NGIIn0c.mp3,G minor,133,,,,,,,,,
LpjojQea7Lw.mp3,A# minor,153,,,,,,,,,
lPDOh5ZifyM.mp3,A minor,110,,,,,,,,,
lNfPcMGneb0.mp3,F major,98,,,,,,,,,
lqmrQ6xPpHg.mp3,D minor,118,,,,,,,,,
LRgqD7JgF-U.mp3,D minor,143,,,,,,,,,
LQqyDj7RX6Y.mp3,C# major,94,,,,,,,,,
lrMD_z_FnNk.mp3,C major,114,,,,,,,,,
Lt_OS54FFFE.mp3,C major,152,,,,,,,,,
lSYMX6PmT34.mp3,G# major,135,,,,,,,,,
LT6n1HcJOio.mp3,A major,111,,,,,,,,,
ltqssfzVyrw.mp3,A# major,115,,,,,,,,,
lTerDhlAEMI.mp3,F minor,178,,,,,,,,,
Lu8To4CwPfg.mp3,D# minor,101,,,,,,,,,
LTunhRVyREU.mp3,C major,99,,,,,,,,,
LSZPNwZex9s.mp3,G major,136,,,,,,,,,
LUOJSnR9z3k.mp3,F major,124,,,,,,,,,
lvBCvA1LE8o.mp3,D minor,99,,,,,,,,,
Lvd5gy1Xqps.mp3,C# minor,90,,,,,,,,,
lW_9SYaWAQg.mp3,D minor,144,,,,,,,,,
LwabxgoSGZY.mp3,B minor,111,,,,,,,,,
LxK743gc0PI.mp3,A major,74,,,,,,,,,
lxlmA8Pr_iY.mp3,C minor,117,,,,,,,,,
lyknI5_Wcqs.mp3,A major,172,,,,,,,,,
M0LfLk9lLEg.mp3,D minor,116,,,,,,,,,
M0mXUC0cUPg.mp3,A major,90,,,,,,,,,
m0vQOnHW0Kc.mp3,F major,95,,,,,,,,,
lYKgRdBJ-vw.mp3,A minor,162,,,,,,,,,
M2IpET_ydUg.mp3,D minor,122,,,,,,,,,
M5A2a56ALMc.mp3,G major,72,,,,,,,,,
m4ZEEaPyeG0.mp3,F major,129,,,,,,,,,
M4dTKckmLwE.mp3,D# major,90,,,,,,,,,
M7cUYVviK50.mp3,F minor,90,,,,,,,,,
m8Ihwi_w_xQ.mp3,D minor,123,,,,,,,,,
M7-KYW_FgqM.mp3,A# major,83,,,,,,,,,
m58Bp6PfXss.mp3,F major,123,,,,,,,,,
mcP_f1UEQVo.mp3,F major,84,,,,,,,,,
m97UWd2QuAI.mp3,A# major,91,,,,,,,,,
m064aD_kH40.mp3,D minor,112,,,,,,,,,
mCVaLGPHqOI.mp3,A minor,151,,,,,,,,,
MeF134YMoS0.mp3,G# major,71,,,,,,,,,
mcpgGmo8_4o.mp3,D major,147,,,,,,,,,
mfrZmzP2ZTU.mp3,A minor,95,,,,,,,,,
MfzNEmqeIWo.mp3,A# major,143,,,,,,,,,
mGs4CjeJiJQ.mp3,D minor,80,,,,,,,,,
mh6vHoyBs58.mp3,C minor,156,,,,,,,,,
MixNh9L7G5M.mp3,D# major,112,,,,,,,,,
miC1VZ9UVCQ.mp3,A major,101,,,,,,,,,
mkLjjgxy7hQ.mp3,C# major,95,,,,,,,,,
MkpUGyWQlV0.mp3,D minor,111,,,,,,,,,
Mkq_1O2iNHg.mp3,D minor,129,,,,,,,,,
ML160wA9mME.mp3,G minor,152,,,,,,,,,
MOBdTP9ZB-I.mp3,C# minor,90,,,,,,,,,
Ml54UuAoLSo.mp3,E major,138,,,,,,,,,
moPBR6os8Z0.mp3,A minor,94,,,,,,,,,
moWeryJjRNM.mp3,D# major,120,,,,,,,,,
MP-p9i85sNc.mp3,C major,108,,,,,,,,,
mP-Pb4L_hBc.mp3,G# major,92,,,,,,,,,
MpTe49ha0lU.mp3,D# major,114,,,,,,,,,
MQfikxbS4zE.mp3,E major,104,,,,,,,,,
mQDit9-z1Xw.mp3,A minor,150,,,,,,,,,
mqtY88BUi0M.mp3,A minor,81,,,,,,,,,
mqqFdXMySk4.mp3,F minor,126,,,,,,,,,
mrX3Ql31URA.mp3,A minor,143,,,,,,,,,
msMehuZo3x8.mp3,A minor,90,,,,,,,,,
MTgeUVOxl8E.mp3,D major,144,,,,,,,,,
mSzGpC5Xihc.mp3,E minor,136,,,,,,,,,
mucuLrWHGqc.mp3,E minor,114,,,,,,,,,
MVLzkTuVmrw.mp3,D# minor,108,,,,,,,,,
MTx9-ohAeWo.mp3,F major,162,,,,,,,,,
mVPku-xItv8.mp3,D# major,90,,,,,,,,,
MWDwZWCfp64.mp3,C major,136,,,,,,,,,
MX145Tu4MHY.mp3,E major,101,,,,,,,,,
MXiJBp7HK5o.mp3,A minor,142,,,,,,,,,
mulAi7cno2Y.mp3,F minor,118,,,,,,,,,
MyD1lK8qr14.mp3,G major,143,,,,,,,,,
MWWTabHiV2E.mp3,E major,130,,,,,,,,,
MYSmij0407A.mp3,D# minor,128,,,,,,,,,
N-rgqDhnLoU.mp3,A major,129,,,,,,,,,
mz0N-jVrRWU.mp3,A minor,127,,,,,,,,,
n-XABtUQFNw.mp3,A# major,123,,,,,,,,,
n0r3USJnZnA.mp3,F major,117,,,,,,,,,
N0TY3_9-Oe4.mp3,F minor,108,,,,,,,,,
N2muWKtHCnc.mp3,C major,133,,,,,,,,,
n4OAtMEXNfc.mp3,D minor,105,,,,,,,,,
N6h1SMjQEog.mp3,A major,100,,,,,,,,,
n8E6kPJT0tU.mp3,G# major,107,,,,,,,,,
N60utqXf5HQ.mp3,D major,109,,,,,,,,,
n9tSN0178Us.mp3,B major,129,,,,,,,,,
NeXMxuNNlE8.mp3,E minor,117,,,,,,,,,
nazd-KgCjVI.mp3,C major,185,,,,,,,,,
NFg3HBMJyV4.mp3,B minor,84,,,,,,,,,
nfGldW3PnE8.mp3,E minor,152,,,,,,,,,
Nfh92hKLO6c.mp3,A# minor,163,,,,,,,,,
NhsEmtSd8Mc.mp3,C minor,162,,,,,,,,,
nfzWl8dDqwc.mp3,D major,117,,,,,,,,,
NgMr2lyh4k8.mp3,B minor,63,,,,,,,,,
nI9_BTm41MI.mp3,C# major,164,,,,,,,,,
NJEKqI1e714.mp3,F minor,106,,,,,,,,,
nkBBsOEY8PU.mp3,C major,130,,,,,,,,,
NjFnoU0IJrE.mp3,A major,136,,,,,,,,,
nlpZRK2Yfd0.mp3,F major,91,,,,,,,,,
Nlw1YnVW58c.mp3,F major,109,,,,,,,,,
njY94weLbJ8.mp3,C major,136,,,,,,,,,
NmCKcaAlWZI.mp3,A major,100,,,,,,,,,
Nmgice3ieZ4.mp3,A# minor,106,,,,,,,,,
NmannAYiwh0.mp3,D# major,143,,,,,,,,,
nMzdAZ3TjCA.mp3,G major,155,,,,,,,,,
nojWJ6-XmeQ.mp3,F minor,120,,,,,,,,,
nOsdS5irjAo.mp3,G minor,91,,,,,,,,,
nosXM4KdAac.mp3,C minor,128,,,,,,,,,
NP4mgObDeUU.mp3,D major,154,,,,,,,,,
NpwdcmjBgNA.mp3,A# major,109,,,,,,,,,
nnsSUqgkDwU.mp3,D major,96,,,,,,,,,
NoOqyH03p3Q.mp3,A minor,104,,,,,,,,,
NQhwNtY3N2k.mp3,D# minor,118,,,,,,,,,
NSvnw3tvPSk.mp3,F# major,109,,,,,,,,,
NteAPGprDJk.mp3,A major,162,,,,,,,,,
NQp0z1sbtxo.mp3,G minor,129,,,,,,,,,
nusZoYBbibo.mp3,C# minor,123,,,,,,,,,
nVa4mlFZEmM.mp3,G# minor,104,,,,,,,,,
nWJut7KQhI4.mp3,C major,91,,,,,,,,,
nVtWGS1bAtU.mp3,A# major,162,,,,,,,,,
nVyYWy4dgc8.mp3,F major,140,,,,,,,,,
NWlOtBV5zO0.mp3,A# minor,110,,,,,,,,,
NySN_plfiNI.mp3,F major,102,,,,,,,,,
nyhfJTFJHu8.mp3,F major,94,,,,,,,,,
nZH6YKmtQV8.mp3,C major,139,,,,,,,,,
nzHihXOiNqk.mp3,D major,124,,,,,,,,,
nyOfJTi0jFw.mp3,A minor,92,,,,,,,,,
nz3qGgt7b2s.mp3,D# major,89,,,,,,,,,
o3GksS6WGgY.mp3,A minor,144,,,,,,,,,
o3zD6HbcblA.mp3,G# major,118,,,,,,,,,
O4OJoXKWTBk.mp3,F major,122,,,,,,,,,
O6rHeD5x2tI.mp3,A# minor,115,,,,,,,,,
O7aSsaTqBCc.mp3,A minor,172,,,,,,,,,
O7jAhwbUfNE.mp3,D major,153,,,,,,,,,
o6afGyzyrVE.mp3,F minor,152,,,,,,,,,
O8B1ZNv9m4s.mp3,C# minor,153,,,,,,,,,
o50_ZlMnjqY.mp3,A minor,163,,,,,,,,,
oAYn2lwc3Yo.mp3,A minor,103,,,,,,,,,
oal-vBFmnRk.mp3,G major,90,,,,,,,,,
obdd31Q9PqA.mp3,F minor,112,,,,,,,,,
OB6r2Wi0E98.mp3,C# minor,122,,,,,,,,,
ObdSno1uoQs.mp3,C major,140,,,,,,,,,
OAlyHUWjNjE.mp3,D minor,99,,,,,,,,,
oBIeme32Xwk.mp3,A# major,128,,,,,,,,,
oDdZP2Ge6TY.mp3,D# major,130,,,,,,,,,
oddWuCHBmzA.mp3,E major,103,,,,,,,,,
OEQzJRRIXKs.mp3,F minor,93,,,,,,,,,
oeYKFRV34kY.mp3,C minor,137,,,,,,,,,
oF--p4Dkv_Q.mp3,B minor,164,,,,,,,,,
odI7pQFyjso.mp3,G major,172,,,,,,,,,
Oh4COhEGRCU.mp3,F major,130,,,,,,,,,
OgzDWlmyyYA.mp3,F minor,172,,,,,,,,,
OFYSUPlZmcg.mp3,F major,123,,,,,,,,,
oh8-PifcIUQ.mp3,A major,83,,,,,,,,,
ohp_nmI_TFA.mp3,D minor,133,,,,,,,,,
oINYoy98JJo.mp3,F major,149,,,,,,,,,
oJbdSseA0C8.mp3,C# minor,105,,,,,,,,,
OJ0x_X0xXgU.mp3,B major,126,,,,,,,,,
ojqMGlqYHPg.mp3,D minor,129,,,,,,,,,
OkT_d2OTgv0.mp3,F major,145,,,,,,,,,
OJVwWi9s4z4.mp3,G major,99,,,,,,,,,
Ol7x46IpMTQ.mp3,A minor,83,,,,,,,,,
OL946vRUDJg.mp3,F# minor,111,,,,,,,,,
oLUPlTA9gsY.mp3,C major,150,,,,,,,,,
Om5zrGo1n6c.mp3,A minor,120,,,,,,,,,
oLLbt0jyqDA.mp3,F major,111,,,,,,,,,
omjMG1JU21s.mp3,B major,117,,,,,,,,,
OmrA8nOZF2Q.mp3,A major,80,,,,,,,,,
oo5zwV6_yVs.mp3,A minor,134,,,,,,,,,
Oph4fcJmPBk.mp3,D# minor,116,,,,,,,,,
OowcDddCdwQ.mp3,F major,136,,,,,,,,,
OqiJOPXpksc.mp3,E minor,120,,,,,,,,,
oRValgHDvxE.mp3,A minor,172,,,,,,,,,
OobrfR125uc.mp3,B minor,185,,,,,,,,,
orc5fBf14vs.mp3,B major,95,,,,,,,,,
oSFnotAmcoA.mp3,C major,102,,,,,,,,,
oSHtuXXbig4.mp3,C minor,102,,,,,,,,,
OsN3-29ijIQ.mp3,C major,94,,,,,,,,,
ou9AabR6_1w.mp3,D major,130,,,,,,,,,
otR8V7rlnjA.mp3,G# minor,111,,,,,,,,,
oUMo1il7me4.mp3,E major,104,,,,,,,,,
oVngo_slWJ4.mp3,E minor,76,,,,,,,,,
OtsVUdEfrQI.mp3,C minor,137,,,,,,,,,
owGykVbfgUE.mp3,G minor,118,,,,,,,,,
oWdZEJW1vWY.mp3,F major,95,,,,,,,,,
Owywvqg5IOQ.mp3,D major,81,,,,,,,,,
Owq4457dtXE.mp3,A minor,172,,,,,,,,,
OWZ6xtVLmzA.mp3,D major,120,,,,,,,,,
OX98015fQFI.mp3,B minor,103,,,,,,,,,
OYolmh5LDbU.mp3,D minor,91,,,,,,,,,
oYjwXjwvAv0.mp3,A minor,164,,,,,,,,,
P_o1_li9FCI.mp3,F major,142,,,,,,,,,
P0N5JcFqx4M.mp3,A major,144,,,,,,,,,
P1T_Kk0cWLk.mp3,C major,156,,,,,,,,,
p0LtpDFxHCQ.mp3,A minor,88,,,,,,,,,
P-i6PlKdMug.mp3,A major,137,,,,,,,,,
P8LARnyyJKI.mp3,E major,143,,,,,,,,,
P3IjDZWcsTE.mp3,A minor,104,,,,,,,,,
p5n2x0ox47w.mp3,E minor,178,,,,,,,,,
P9LHzVEPodg.mp3,E minor,166,,,,,,,,,
p111hxJYsVo.mp3,D# major,110,,,,,,,,,
PbA1F8z_ppY.mp3,D# major,140,,,,,,,,,
p916yeFa2Xk.mp3,E major,72,,,,,,,,,
PaXPMCoC6zA.mp3,A major,114,,,,,,,,,
pbdzMLk9wHQ.mp3,D major,151,,,,,,,,,
PC2N3EYngns.mp3,E major,153,,,,,,,,,
PccOSTr-qvA.mp3,F major,129,,,,,,,,,
Pc5gHm8Po20.mp3,G# major,144,,,,,,,,,
PcFtcoo0ic4.mp3,F minor,94,,,,,,,,,
pcodyFKKdVM.mp3,A minor,108,,,,,,,,,
pc9gcKjvzkE.mp3,E major,123,,,,,,,,,
peUxhH5TKtY.mp3,A minor,129,,,,,,,,,
PD8p6KzcL2w.mp3,A major,85,,,,,,,,,
PewCSYS6a6s.mp3,E major,112,,,,,,,,,
pEoZbXB78NI.mp3,A major,135,,,,,,,,,
pgheNRqftos.mp3,D major,119,,,,,,,,,
PFbeP6YqHzg.mp3,C minor,93,,,,,,,,,
PGkHLhnHEb0.mp3,A major,163,,,,,,,,,
pI_zfyJn5QU.mp3,A minor,144,,,,,,,,,
pieK7b4KLL4.mp3,C minor,108,,,,,,,,,
Pj_mSZYeLrU.mp3,A major,155,,,,,,,,,
PJKAr1r5zlA.mp3,G minor,93,,,,,,,,,
pkpX7tU3vuo.mp3,B minor,95,,,,,,,,,
PJ-JBFXh2IU.mp3,F major,103,,,,,,,,,
pkRfPx--R44.mp3,C major,81,,,,,,,,,
Plh9sAFEZJw.mp3,D major,107,,,,,,,,,
PjquJ5hi6zE.mp3,C major,120,,,,,,,,,
pM2OK_JaJ9I.mp3,D minor,115,,,,,,,,,
pNTu9RjThRM.mp3,D major,91,,,,,,,,,
PmrTDZy3f2M.mp3,E major,110,,,,,,,,,
pnISZdg_3lw.mp3,A minor,110,,,,,,,,,
pOEAvEklvNA.mp3,E minor,143,,,,,,,,,
pnyo92tqh3g.mp3,D major,144,,,,,,,,,
pQO2VtV1PNg.mp3,A minor,129,,,,,,,,,
pQpQuGV_gMA.mp3,A major,165,,,,,,,,,
PPqKOfCzN20.mp3,G major,91,,,,,,,,,
PqyiFtLnKkc.mp3,D major,92,,,,,,,,,
pS9sUm5Y0sg.mp3,G major,88,,,,,,,,,
pR236CYNZfg.mp3,C major,103,,,,,,,,,
psmD1DVPIrU.mp3,D major,155,,,,,,,,,
pSe40tX-oTA.mp3,F# minor,112,,,,,,,,,
POGBdDSVybk.mp3,B minor,172,,,,,,,,,
ptbJZ9HBw2k.mp3,G major,130,,,,,,,,,
pTdXVmgC3us.mp3,F minor,117,,,,,,,,,
Pu5JppruFGI.mp3,A# major,172,,,,,,,,,
puDC_XSKRes.mp3,A major,123,,,,,,,,,
PUEI7mm8M7Q.mp3,F minor,109,,,,,,,,,
pvVNY2YC5zI.mp3,C# major,135,,,,,,,,,
pXI340MQ2-o.mp3,F# minor,118,,,,,,,,,
PXTagE7BtRU.mp3,E minor,84,,,,,,,,,
pw6JRuItcus.mp3,C major,123,,,,,,,,,
PTXV1QRAsko.mp3,D# major,152,,,,,,,,,
py5J2ucsK9Q.mp3,D minor,129,,,,,,,,,
pzJCbdgf6hs.mp3,D major,129,,,,,,,,,
PzYKsLch4GM.mp3,G major,126,,,,,,,,,
q-xkGEW0dVA.mp3,C minor,106,,,,,,,,,
Pzl86IjTpHI.mp3,C minor,91,,,,,,,,,
q0rSbR80GQk.mp3,D minor,90,,,,,,,,,
PySuLH7NAQg.mp3,A# major,133,,,,,,,,,
Q4rR0BbTBPk.mp3,A# major,118,,,,,,,,,
Q2TtdM4iI5k.mp3,A# minor,110,,,,,,,,,
q1L60jfPgBM.mp3,A minor,120,,,,,,,,,
Q4uSKvXEuZc.mp3,A minor,136,,,,,,,,,
q5Mjz1RTfkU.mp3,B major,162,,,,,,,,,
q9fms5He5bM.mp3,A minor,123,,,,,,,,,
q8MLuni8rzc.mp3,C major,113,,,,,,,,,
qa3edsMzHkA.mp3,D minor,127,,,,,,,,,
Q81bsGI-JcY.mp3,F major,103,,,,,,,,,
Q285dYl2mZI.mp3,D# major,172,,,,,,,,,
qAGVilt3Rls.mp3,A major,150,,,,,,,,,
QalnisJfHEw.mp3,E major,96,,,,,,,,,
qAY_o36paQ0.mp3,G minor,90,,,,,,,,,
qbBLDBohgrY.mp3,D# minor,144,,,,,,,,,
QEDRDrV55q8.mp3,E minor,123,,,,,,,,,
qc5dR5_QKo4.mp3,G minor,130,,,,,,,,,
qBRG4RkE51Q.mp3,A major,140,,,,,,,,,
qfSVlybYNho.mp3,E major,89,,,,,,,,,
QFsXJGlShTo.mp3,F# minor,134,,,,,,,,,
qGVleYQkSyM.mp3,A major,124,,,,,,,,,
QfwhI5N95y8.mp3,F major,140,,,,,,,,,
Qg0pO9VG1J8.mp3,D# major,110,,,,,,,,,
QHOaJSXr9HI.mp3,C major,128,,,,,,,,,
qi6n_-wB154.mp3,F major,137,,,,,,,,,
qhbliUq0_r4.mp3,A# major,100,,,,,,,,,
QhOXx3JRlMM.mp3,D# minor,118,,,,,,,,,
qi7RgBU1nlE.mp3,D major,91,,,,,,,,,
qiFQsxGUQOI.mp3,F minor,124,,,,,,,,,
qIVDxL2lgN4.mp3,G# major,120,,,,,,,,,
QKt7A_wsq_8.mp3,F# major,172,,,,,,,,,
QNh18bRw_0k.mp3,D minor,104,,,,,,,,,
qKiQA5e-fPg.mp3,E minor,90,,,,,,,,,
qo9lEPZ_0ao.mp3,A major,100,,,,,,,,,
QoqWo3SJ73c.mp3,F minor,115,,,,,,,,,
qLIW8JWk1RI.mp3,C major,99,,,,,,,,,
qoWIPOXnGtM.mp3,A# major,144,,,,,,,,,
QPc9LhKA5C4.mp3,A minor,151,,,,,,,,,
qoxRKfaG36Y.mp3,F# major,89,,,,,,,,,
qq0ar8_9FSM.mp3,A minor,163,,,,,,,,,
qPdSUywxbR8.mp3,D minor,115,,,,,,,,,
Qq7c7hBXlek.mp3,A minor,165,,,,,,,,,
QqScHid0h-c.mp3,C major,101,,,,,,,,,
qriNbVCIsow.mp3,G major,108,,,,,,,,,
qqpcBpSsj1A.mp3,D minor,111,,,,,,,,,
qRJl22anZkM.mp3,G minor,164,,,,,,,,,
QSgnWYlUtj4.mp3,C major,105,,,,,,,,,
qSvb7o7xrxg.mp3,C major,152,,,,,,,,,
QT8AiihKFR0.mp3,A# minor,126,,,,,,,,,
QtznmBe_T8w.mp3,F minor,185,,,,,,,,,
qw6_5t8XfSk.mp3,A major,126,,,,,,,,,
QUOqFV_v5po.mp3,D# minor,144,,,,,,,,,
QuZ0kzdNWGo.mp3,C# major,130,,,,,,,,,
QxafIhYFOr0.mp3,F# minor,99,,,,,,,,,
QweNsLesMrM.mp3,A# minor,185,,,,,,,,,
qzilmXQ0ReQ.mp3,C# minor,128,,,,,,,,,
r_dbSSQotZ0.mp3,C minor,111,,,,,,,,,
R_sX8DNJHJg.mp3,G major,163,,,,,,,,,
r_X5C6e3ZeY.mp3,C major,118,,,,,,,,,
r0lwusMxiHc.mp3,F minor,118,,,,,,,,,
r0m0tP0nR_0.mp3,C minor,83,,,,,,,,,
r1D1jI61ckY.mp3,A minor,90,,,,,,,,,
r-m27SZUFj0.mp3,F minor,133,,,,,,,,,
r3-JcET_Rzw.mp3,B minor,112,,,,,,,,,
R-hl57xTLE8.mp3,A# major,153,,,,,,,,,
r3idOGxm3FA.mp3,D minor,117,,,,,,,,,
r5vgDdzJ_So.mp3,D minor,113,,,,,,,,,
r6GQEtUREWY.mp3,A# major,120,,,,,,,,,
R2PhoBA8qKY.mp3,F# minor,101,,,,,,,,,
R7JBDzuHVb4.mp3,A major,145,,,,,,,,,
R41NNPBqRCk.mp3,C major,108,,,,,,,,,
r8cDvm26VYI.mp3,E minor,126,,,,,,,,,
R50jeoI8K0w.mp3,F major,129,,,,,,,,,
rA2JuxRdlmA.mp3,B minor,165,,,,,,,,,
R9ixmH48CF8.mp3,A minor,149,,,,,,,,,
RaFcbOBw8bI.mp3,E major,121,,,,,,,,,
RBQ-IoHfimQ.mp3,A major,117,,,,,,,,,
RAxElNM-Dmg.mp3,F# major,141,,,,,,,,,
rCwn1NTK-50.mp3,D# major,99,,,,,,,,,
rClJW9gnchc.mp3,F major,120,,,,,,,,,
rdcLg35QMs0.mp3,C major,120,,,,,,,,,
Rdz3fUiK4XY.mp3,A major,129,,,,,,,,,
RErvLXHsKmg.mp3,C minor,136,,,,,,,,,
RdCs2K_ZEpU.mp3,C major,129,,,,,,,,,
rEtXkFmpsRk.mp3,C minor,121,,,,,,,,,
rFq7M1vUIgU.mp3,G# major,107,,,,,,,,,
rfpAkNyHAtQ.mp3,D major,112,,,,,,,,,
Rh8GbPnoqCI.mp3,A# major,118,,,,,,,,,
RhY_pQm0wYM.mp3,F major,105,,,,,,,,,
RGQf9dn0pDk.mp3,C# major,110,,,,,,,,,
rK4Bh_arF-E.mp3,D# major,108,,,,,,,,,
Rm5HibK7qso.mp3,G# minor,132,,,,,,,,,
rkqehuUTQ_4.mp3,C major,83,,,,,,,,,
rmPRHJd3uHI.mp3,F major,90,,,,,,,,,
rKUNJMrFeUs.mp3,C major,104,,,,,,,,,
RMqv_GlnyR4.mp3,C# major,104,,,,,,,,,
rn0lwGk4u9o.mp3,A major,122,,,,,,,,,
ROmhkfzXNko.mp3,F# minor,130,,,,,,,,,
rnBAIJ1mzqQ.mp3,D minor,117,,,,,,,,,
rm6d2oy8GRk.mp3,F minor,129,,,,,,,,,
ROzC0-LD1P8.mp3,E minor,104,,,,,,,,,
RpnCkBZVI6o.mp3,D minor,95,,,,,,,,,
RpNLUFA34iw.mp3,A major,132,,,,,,,,,
rrxE_KCnO44.mp3,B minor,126,,,,,,,,,
Rr6qaG8RlUk.mp3,G# major,114,,,,,,,,,
RS3iB47nQ6E.mp3,E major,130,,,,,,,,,
RsCoPb43TUk.mp3,G minor,110,,,,,,,,,
rskFaiDIEwA.mp3,G major,92,,,,,,,,,
RsKcfsTznYE.mp3,A major,111,,,,,,,,,
rSTGOyDFPrU.mp3,G major,172,,,,,,,,,
RtETcsKfVo0.mp3,D major,105,,,,,,,,,
rt7JZSrDJA8.mp3,A minor,103,,,,,,,,,
rTJT3fVv1vU.mp3,G# minor,104,,,,,,,,,
rUFnH7KYMFE.mp3,G major,120,,,,,,,,,
RvUIbqKyppY.mp3,F minor,164,,,,,,,,,
rWfqkrAM8IY.mp3,D major,89,,,,,,,,,
rw5arTc26-0.mp3,F# major,104,,,,,,,,,
ryaUGJ9Oljg.mp3,F minor,105,,,,,,,,,
rx4jEIZyTZU.mp3,A major,164,,,,,,,,,
Rv3niQ-w3y0.mp3,F minor,111,,,,,,,,,
RyeDBZaxFa8.mp3,A# major,148,,,,,,,,,
RZSkUTWZyeA.mp3,F minor,99,,,,,,,,,
S_JjGZYpy7I.mp3,F major,109,,,,,,,,,
RzDr18UYO18.mp3,D minor,121,,,,,,,,,
S_US6re0sHM.mp3,C major,99,,,,,,,,,
S2nBBMbjS8w.mp3,C major,155,,,,,,,,,
S3QH-ZriX7E.mp3,G# minor,113,,,,,,,,,
S71Jmw8FXm8.mp3,G minor,140,,,,,,,,,
SaeJUCVEp2s.mp3,D minor,140,,,,,,,,,
sAhHHpzXOI8.mp3,C# minor,144,,,,,,,,,
sbFmK4zZ9Ys.mp3,C major,162,,,,,,,,,
rZNiP2ufp_Q.mp3,G minor,78,,,,,,,,,
Sd4C8_FMdjA.mp3,D# major,108,,,,,,,,,
sbKBvrEr2wE.mp3,A# major,153,,,,,,,,,
sch_WMjd6go.mp3,A# major,126,,,,,,,,,
sF0M_Rpv4Os.mp3,D minor,111,,,,,,,,,
sfluIhj8Ef4.mp3,A major,102,,,,,,,,,
Sfy8UYRhmpA.mp3,A minor,128,,,,,,,,,
sgMl-iZ3tZM.mp3,A minor,133,,,,,,,,,
SfAxUpeVhCg.mp3,A# minor,104,,,,,,,,,
sjgLb0HJ3VE.mp3,G major,119,,,,,,,,,
SILvPVVAhBo.mp3,A minor,149,,,,,,,,,
SlR_fwcU3MU.mp3,A minor,104,,,,,,,,,
Sjl5_vDfiuM.mp3,C# minor,164,,,,,,,,,
SJT2o0W9I00.mp3,F major,91,,,,,,,,,
sm9uHf9sm6c.mp3,A minor,135,,,,,,,,,
sOjOznUVlKs.mp3,D major,128,,,,,,,,,
Spb0bo3IT0I.mp3,E major,111,,,,,,,,,
SP8E6ouSiC0.mp3,D minor,95,,,,,,,,,
SPc70pG-7tY.mp3,A major,117,,,,,,,,,
sNBdU0PwWKU.mp3,F major,136,,,,,,,,,
SPCR1GBnSy8.mp3,E major,93,,,,,,,,,
sPneQzqhh4g.mp3,D minor,140,,,,,,,,,
sqLNG9VYUcY.mp3,A minor,94,,,,,,,,,
sq9r50EYJh0.mp3,F minor,89,,,,,,,,,
spCknVcaSHg.mp3,D major,143,,,,,,,,,
SqtxzgFpP6U.mp3,E minor,178,,,,,,,,,
sRv9_Q3HOmg.mp3,G minor,89,,,,,,,,,
SsL9v1vuzAI.mp3,D# minor,111,,,,,,,,,
sQqCzJjev_8.mp3,A minor,101,,,,,,,,,
sSPP0wQslQo.mp3,G major,130,,,,,,,,,
sRzh8uLA1tM.mp3,G major,107,,,,,,,,,
stZFVrvPJ2Q.mp3,D major,89,,,,,,,,,
STqFXr5N5AI.mp3,A# major,144,,,,,,,,,
Svg-DvNARKE.mp3,E major,112,,,,,,,,,
SvvLsAMsOJM.mp3,D major,124,,,,,,,,,
sWS0GVOQPs0.mp3,G major,153,,,,,,,,,
Sw3tEcz2PK0.mp3,F major,80,,,,,,,,,
sWVKynMQTTI.mp3,G# major,178,,,,,,,,,
st7eMfykiVE.mp3,F major,120,,,,,,,,,
sxlyWieYZsE.mp3,A minor,129,,,,,,,,,
sXAlpHSI-d0.mp3,G minor,109,,,,,,,,,
SXQY3A2eJc8.mp3,A minor,143,,,,,,,,,
SYF_EP4tmaY.mp3,A major,115,,,,,,,,,
SxgcPuY58Js.mp3,A minor,140,,,,,,,,,
t_3oIy5jAG0.mp3,F major,120,,,,,,,,,
t_HrcY8AWhg.mp3,D# minor,108,,,,,,,,,
t0EFibqP-7w.mp3,G major,93,,,,,,,,,
T1Scd0rNt-s.mp3,G minor,106,,,,,,,,,
SzRUsI6Q25E.mp3,G major,80,,,,,,,,,
T4tOvkvCvwQ.mp3,F minor,117,,,,,,,,,
t4_dZPVg8KI.mp3,G major,100,,,,,,,,,
t7kxPYzigCQ.mp3,C major,129,,,,,,,,,
t4Xt_XS9BJA.mp3,D minor,104,,,,,,,,,
T8y7uf2LmkA.mp3,A major,85,,,,,,,,,
T9BlI9nhqTE.mp3,F major,124,,,,,,,,,
Ta-fub2dbhI.mp3,E major,162,,,,,,,,,
t9qdpPeqQfQ.mp3,D minor,133,,,,,,,,,
TCKVc-y3Uak.mp3,A major,83,,,,,,,,,
tAnlcW_ILyw.mp3,A major,96,,,,,,,,,
Tbxq0IDqD04.mp3,D minor,103,,,,,,,,,
TcOOfpf_YBk.mp3,A major,107,,,,,,,,,
tcYc33ughfQ.mp3,A minor,130,,,,,,,,,
tDmBIYAVsos.mp3,F major,106,,,,,,,,,
TElqNU5ytVo.mp3,B major,143,,,,,,,,,
tE9U4mMqKP4.mp3,G minor,163,,,,,,,,,
tcoFNsTzx0s.mp3,C# major,93,,,,,,,,,
TEsp-IYQaOk.mp3,D minor,143,,,,,,,,,
tfcoOFmZbVw.mp3,A minor,144,,,,,,,,,
TfOumoFSs0k.mp3,D minor,85,,,,,,,,,
ThgaRoMvgXs.mp3,F# major,133,,,,,,,,,
ThIrw_LpuRA.mp3,D major,77,,,,,,,,,
tevkM-vPqLY.mp3,A# major,123,,,,,,,,,
Ti6saRaKJYM.mp3,A minor,106,,,,,,,,,
thNmEKUBG5g.mp3,F major,108,,,,,,,,,
tIG0kB9lOxo.mp3,E minor,152,,,,,,,,,
TiWbtpX4jsI.mp3,B minor,127,,,,,,,,,
tjgtLSHhTPg.mp3,C major,92,,,,,,,,,
tKXxJ29HEiQ.mp3,A major,128,,,,,,,,,
tLtschJxRy8.mp3,A minor,100,,,,,,,,,
TL4LEfRr1TI.mp3,C major,165,,,,,,,,,
tMe3WDmxBEI.mp3,D major,95,,,,,,,,,
tnJ8pPSEW6k.mp3,D major,165,,,,,,,,,
TmnY_Q0YBVE.mp3,E minor,164,,,,,,,,,
TosjG0E191U.mp3,A# major,145,,,,,,,,,
tpeEqt3kpKM.mp3,D minor,120,,,,,,,,,
TnXArm-NViI.mp3,C major,128,,,,,,,,,
TMN_cfCSFWw.mp3,G major,117,,,,,,,,,
TR7JApjgIGw.mp3,F minor,88,,,,,,,,,
tqYVWN0AUuo.mp3,C# minor,93,,,,,,,,,
TsQXQGaasUg.mp3,A minor,80,,,,,,,,,
tRnp4UPI-Qk.mp3,A# minor,101,,,,,,,,,
TSF8EKPxPVU.mp3,C major,113,,,,,,,,,
TSRvY1kKebY.mp3,A minor,122,,,,,,,,,
Tt4odad9p8c.mp3,C# major,91,,,,,,,,,
ttw4abodSJE.mp3,A minor,120,,,,,,,,,
TszuuF7cbac.mp3,F minor,118,,,,,,,,,
TusJ8HSLaUs.mp3,A major,130,,,,,,,,,
TULVRlpsNWo.mp3,F major,84,,,,,,,,,
tWDprSdH2xQ.mp3,D# minor,111,,,,,,,,,
tviPLpD8VG8.mp3,A# major,130,,,,,,,,,
TX8AAUOGKSg.mp3,A minor,91,,,,,,,,,
TVqe8ieqz10.mp3,G major,150,,,,,,,,,
TYWMe7cTsRs.mp3,C major,100,,,,,,,,,
TypQ-iYqiLg.mp3,C minor,151,,,,,,,,,
tYysQOHTimo.mp3,A# major,118,,,,,,,,,
tZGNqFGIpiw.mp3,G minor,120,,,,,,,,,
tz25tcFSusc.mp3,E minor,110,,,,,,,,,
tzY7qQFij_M.mp3,F major,147,,,,,,,,,
u_R5j1B_jOg.mp3,C major,151,,,,,,,,,
U-VzZQGWOqA.mp3,G minor,83,,,,,,,,,
u1QdH6ZgJ3M.mp3,F major,130,,,,,,,,,
u4hlzRNu3uE.mp3,F major,142,,,,,,,,,
U3jgo5ea_zc.mp3,F major,145,,,,,,,,,
u1OmpTPffQc.mp3,E major,144,,,,,,,,,
u5kiz7GhJt0.mp3,B minor,100,,,,,,,,,
U9gBE9g_iZY.mp3,A major,738,,,,,,,,,
U9y9McTwNKE.mp3,A# minor,107,,,,,,,,,
u06rDf-kUt0.mp3,D# major,119,,,,,,,,,
u51OxZF1ltI.mp3,G minor,81,,,,,,,,,
u91BucJ4MKE.mp3,G major,117,,,,,,,,,
u9FEg5qur14.mp3,A# major,96,,,,,,,,,
uAgxZ-l5pY8.mp3,A# major,120,,,,,,,,,
U219eUIZ7Qo.mp3,G major,178,,,,,,,,,
ud8p5t2sXOo.mp3,G major,100,,,,,,,,,
UC9qnjOUjss.mp3,D minor,89,,,,,,,,,
uCd6-MZqPZg.mp3,D major,178,,,,,,,,,
uDCsU5wUvdQ.mp3,A minor,80,,,,,,,,,
Ue-TqmP6I_g.mp3,F minor,93,,,,,,,,,
uDBJ2ktSZpI.mp3,D# major,103,,,,,,,,,
ueDjWG29Kwc.mp3,F# minor,145,,,,,,,,,
UEVa2swtC10.mp3,D major,93,,,,,,,,,
Ug_iluxQ1IQ.mp3,F minor,172,,,,,,,,,
Ug75diEyiA0.mp3,F major,146,,,,,,,,,
uhHMWLjL77U.mp3,C minor,165,,,,,,,,,
uHskC7JRL9M.mp3,A major,140,,,,,,,,,
uINFVM7TTdY.mp3,C major,111,,,,,,,,,
UI_nj4NXpoQ.mp3,F major,124,,,,,,,,,
uGlYpkQfk_0.mp3,F minor,117,,,,,,,,,
UIOdk3AhVA0.mp3,A# major,117,,,,,,,,,
Uj6G1C6c0uw.mp3,G minor,123,,,,,,,,,
ujEqAi6-VGo.mp3,G# major,90,,,,,,,,,
UJFDaEE799M.mp3,A minor,125,,,,,,,,,
UK9VU1aJvTI.mp3,A# major,143,,,,,,,,,
ujqpkmaFvmU.mp3,B minor,103,,,,,,,,,
uLg4kDAGZuw.mp3,A# major,118,,,,,,,,,
UKn_7fyB5fw.mp3,B minor,130,,,,,,,,,
UKDWPYO0slE.mp3,D minor,112,,,,,,,,,
uLTIowBF0kE.mp3,G minor,91,,,,,,,,,
UNabu9daJUc.mp3,F minor,124,,,,,,,,,
um2ro-3T8A0.mp3,A minor,90,,,,,,,,,
uniqmkPeaZ4.mp3,A# major,123,,,,,,,,,
uoABty_zE00.mp3,A major,137,,,,,,,,,
uQereoIxioI.mp3,C# minor,111,,,,,,,,,
Uq3NsDX4Clo.mp3,F major,109,,,,,,,,,
uNvmSvmNvQM.mp3,C major,102,,,,,,,,,
uqToVzu0iTc.mp3,A minor,106,,,,,,,,,
UrEPJkajMSE.mp3,F# major,136,,,,,,,,,
UQtqa5F88LM.mp3,C minor,151,,,,,,,,,
UTQinvFuX3M.mp3,G# minor,185,,,,,,,,,
ut5qa3B9GEk.mp3,G major,113,,,,,,,,,
UU0SP91D9Js.mp3,C# major,93,,,,,,,,,
uVsTeLs4Tdo.mp3,D# minor,120,,,,,,,,,
uwDDvP8Yssc.mp3,F minor,117,,,,,,,,,
UvDs7RDKCag.mp3,A major,100,,,,,,,,,
uwl_MuFbCXI.mp3,D# major,136,,,,,,,,,
uww_MqZD1Tw.mp3,E major,129,,,,,,,,,
UwY67LYzH7Q.mp3,D major,136,,,,,,,,,
uxtNrVVVWVo.mp3,D minor,146,,,,,,,,,
uxJyPsmEask.mp3,E major,143,,,,,,,,,
UYTrnuXHces.mp3,E major,98,,,,,,,,,
UzNcixxdnZs.mp3,A major,106,,,,,,,,,
uxieMOdo6IU.mp3,A# minor,135,,,,,,,,,
UYy1GmJgFXA.mp3,C major,121,,,,,,,,,
UzPq0hDdDhs.mp3,G major,115,,,,,,,,,
v_AMEYsBxZA.mp3,A major,129,,,,,,,,,
v-S3iSqKs64.mp3,A# major,106,,,,,,,,,
V_3H_Y5QUWw.mp3,D major,90,,,,,,,,,
V_gGAPOZbFA.mp3,G# major,112,,,,,,,,,
v1HMR9nRmlY.mp3,B minor,116,,,,,,,,,
v3nD2ySQugQ.mp3,A# major,124,,,,,,,,,
V6F2szDteSI.mp3,C major,80,,,,,,,,,
v6OEChj-UiI.mp3,A# major,84,,,,,,,,,
v4gitDm3byQ.mp3,E major,101,,,,,,,,,
v7Q1giJOpxA.mp3,A minor,129,,,,,,,,,
V7g4e5m5aRc.mp3,A minor,118,,,,,,,,,
v8DZc2PUUq0.mp3,A major,130,,,,,,,,,
v8vneqAgaRw.mp3,F major,96,,,,,,,,,
V44DI0ZP8Cg.mp3,G# major,163,,,,,,,,,
v9ilXA1bHg8.mp3,A major,94,,,,,,,,,
VbVa0cPAJ1g.mp3,C major,117,,,,,,,,,
V68UXteyuFg.mp3,A minor,90,,,,,,,,,
VcaT_wRwmuw.mp3,C# minor,133,,,,,,,,,
Vf2rlIqGlqM.mp3,A# minor,152,,,,,,,,,
vfDXlgmKFyU.mp3,A# major,164,,,,,,,,,
vh_EwI8pjQU.mp3,A minor,163,,,,,,,,,
VcSBO8YAnTQ.mp3,C minor,92,,,,,,,,,
v8DWf-rSHn0.mp3,B major,155,,,,,,,,,
VHz30rlNHCc.mp3,E minor,104,,,,,,,,,
VicXmrGCnYA.mp3,F# major,102,,,,,,,,,
vJGh-7EKXhE.mp3,F minor,114,,,,,,,,,
VjGU3I9degQ.mp3,C# major,129,,,,,,,,,
VJwFUNHtCJQ.mp3,B minor,117,,,,,,,,,
Vjn2JKrlkcU.mp3,F major,124,,,,,,,,,
ViorVDgiiOg.mp3,A minor,127,,,,,,,,,
VK4xZiHDXPI.mp3,F major,104,,,,,,,,,
VK03aVJekGg.mp3,A# major,144,,,,,,,,,
vmfBkVQCd-M.mp3,G minor,131,,,,,,,,,
vnOyMSEWNTs.mp3,A major,92,,,,,,,,,
VMjRSnokms8.mp3,C major,103,,,,,,,,,
VMxyZQfMmM4.mp3,C minor,99,,,,,,,,,
VoP0tAvHcGY.mp3,D# minor,106,,,,,,,,,
Vot3KDw2z3o.mp3,D major,105,,,,,,,,,
VOv1IQCoBnQ.mp3,F# minor,121,,,,,,,,,
VPlxNhEc2lA.mp3,C major,108,,,,,,,,,
vPcjTefW_Ao.mp3,B minor,133,,,,,,,,,
Vq8LsV8heLc.mp3,G major,163,,,,,,,,,
vQYStgWhejA.mp3,C# major,92,,,,,,,,,
vQt2NRT5yP4.mp3,F# major,128,,,,,,,,,
VSdxqIBfEAw.mp3,G minor,111,,,,,,,,,
vRYfouuHPvs.mp3,A minor,100,,,,,,,,,
VRrMu7B1L2I.mp3,B major,144,,,,,,,,,
vtP-S9OS0o0.mp3,A minor,103,,,,,,,,,
vsrjiL1gV6I.mp3,A minor,144,,,,,,,,,
vSROQRmdZJU.mp3,C minor,86,,,,,,,,,
vukxkPTuVNI.mp3,F major,128,,,,,,,,,
vUAPQ-zAUTE.mp3,D major,90,,,,,,,,,
VWPlZSL9ZMc.mp3,C major,125,,,,,,,,,
vUF7ja9ehIs.mp3,F major,101,,,,,,,,,
vX6FXRgcKQc.mp3,A minor,153,,,,,,,,,
VX5au0LOJp8.mp3,G minor,96,,,,,,,,,
vVkFT2yjk0A.mp3,G minor,92,,,,,,,,,
VX32RKuqIVs.mp3,B minor,86,,,,,,,,,
vxlUCIqbD8M.mp3,F# major,106,,,,,,,,,
VXyA7bZLoCw.mp3,C minor,89,,,,,,,,,
Vxd9W0RVgFY.mp3,D major,152,,,,,,,,,
vyeTdmBn_x0.mp3,E minor,93,,,,,,,,,
vYEXzx-TINc.mp3,A# minor,89,,,,,,,,,
Vz5DXIezqr4.mp3,F# minor,93,,,,,,,,,
W-2MXzendwA.mp3,D major,120,,,,,,,,,
VYp1s6AwuRQ.mp3,F major,122,,,,,,,,,
vYGvoUNw-Rk.mp3,G minor,130,,,,,,,,,
W-dbAzEERb8.mp3,A minor,123,,,,,,,,,
W3U_Vxmqn9Q.mp3,F major,135,,,,,,,,,
w2DZN3NWefA.mp3,D# major,110,,,,,,,,,
w4kHmbZTvyI.mp3,G major,103,,,,,,,,,
w0YjO1zVHgY.mp3,D# major,127,,,,,,,,,
w9R6K1mecEE.mp3,A major,120,,,,,,,,,
WA1h9h7-_Z4.mp3,D major,90,,,,,,,,,
W5W_i8oa9cE.mp3,D major,98,,,,,,,,,
w04xmH2SOLA.mp3,B minor,145,,,,,,,,,
wcAXkD9DjD8.mp3,F# major,128,,,,,,,,,
wbtlv2cImxM.mp3,B minor,96,,,,,,,,,
wczdECcwRw0.mp3,F major,109,,,,,,,,,
WEJJUGJZxpU.mp3,A minor,98,,,,,,,,,
we1c5uzYsTI.mp3,F major,85,,,,,,,,,
WEv1DrfntZ4.mp3,A major,143,,,,,,,,,
wEKFJWdJ5jg.mp3,D# major,125,,,,,,,,,
WF_HqZrrx0c.mp3,C major,130,,,,,,,,,
WfTJL_h0XfY.mp3,F major,98,,,,,,,,,
wF_LJfwFsE4.mp3,A minor,83,,,,,,,,,
WFNXwor69-U.mp3,B major,139,,,,,,,,,
WfV45T0PXQA.mp3,F# minor,101,,,,,,,,,
WHdYDNs0qq4.mp3,C minor,130,,,,,,,,,
wgBz_WD-jYA.mp3,C major,147,,,,,,,,,
WhF7dQl4Ico.mp3,F major,164,,,,,,,,,
wiixrRgysks.mp3,F major,139,,,,,,,,,
wIdpxZnD_eA.mp3,C major,91,,,,,,,,,
wi-SZOU1S-s.mp3,C major,164,,,,,,,,,
WikU5oIkL8c.mp3,A# major,84,,,,,,,,,
WIlPFRsseQ8.mp3,E major,118,,,,,,,,,
wKB9HRgkKRA.mp3,A minor,117,,,,,,,,,
wJukf4ifuKs.mp3,A minor,91,,,,,,,,,
WLb8AwuZ7N8.mp3,E minor,90,,,,,,,,,
WlUvQkW4B1k.mp3,A major,145,,,,,,,,,
WlNH9bzju8U.mp3,D minor,112,,,,,,,,,
WLU75lftzc8.mp3,G# minor,120,,,,,,,,,
wNjQishYOy0.mp3,E minor,152,,,,,,,,,
wO8-L-7SF5E.mp3,A major,129,,,,,,,,,
womx9GYLVD0.mp3,E major,90,,,,,,,,,
Wo6BkRgvYF8.mp3,C major,80,,,,,,,,,
wq25qD44hC0.mp3,A# minor,100,,,,,,,,,
Ws-yd9YPfdE.mp3,D minor,115,,,,,,,,,
WrE6iE7xnN0.mp3,C major,129,,,,,,,,,
ws3PcFqBLdQ.mp3,G major,101,,,,,,,,,
WpByXzdMQfk.mp3,G major,107,,,,,,,,,
wT4DR_ae_4o.mp3,D# major,113,,,,,,,,,
wtaXjzQQGE8.mp3,A# major,117,,,,,,,,,
WSDvRkmTNA4.mp3,G major,93,,,,,,,,,
wTfBWIJ8xQo.mp3,F minor,109,,,,,,,,,
WTHkY42X8FI.mp3,B minor,130,,,,,,,,,
wt9VctrBOZY.mp3,A# major,124,,,,,,,,,
wuzlcAKPoDg.mp3,A# major,112,,,,,,,,,
wToxrHzVpxU.mp3,C# major,126,,,,,,,,,
wVheMazNeM4.mp3,C major,136,,,,,,,,,
wurSu_bJ97U.mp3,A major,79,,,,,,,,,
wvWHNkLSDkg.mp3,E minor,90,,,,,,,,,
WxG7LgQ2Sig.mp3,E major,100,,,,,,,,,
WxgBXJM6zJ8.mp3,F major,110,,,,,,,,,
wvmnRLFYIIU.mp3,A# major,135,,,,,,,,,
wYj5o4kQsXs.mp3,G minor,106,,,,,,,,,
wY7Gvq0P4hc.mp3,F minor,135,,,,,,,,,
WZElUMthBPI.mp3,C major,140,,,,,,,,,
x4amZnI_1dE.mp3,F minor,135,,,,,,,,,
wZMZdQzoQgo.mp3,A# minor,107,,,,,,,,,
X2cs8gnb42A.mp3,A major,89,,,,,,,,,
X4GZfvXx9Js.mp3,G# minor,107,,,,,,,,,
X6pyDwa3nGw.mp3,E major,92,,,,,,,,,
X96RjH8WC5o.mp3,B major,150,,,,,,,,,
XbLZe1r0DJk.mp3,F major,96,,,,,,,,,
xaZlPaj5SAg.mp3,A# major,136,,,,,,,,,
XCrhZswcukk.mp3,A# major,80,,,,,,,,,
X5vjQQXauD0.mp3,F# minor,91,,,,,,,,,
XdOiF_qdQLI.mp3,F# major,99,,,,,,,,,
XEEU1nQeGNA.mp3,E minor,136,,,,,,,,,
xeo9mVnuuWo.mp3,F minor,112,,,,,,,,,
XeK3VLmwatU.mp3,G major,78,,,,,,,,,
xE7m2FRVmrM.mp3,A minor,132,,,,,,,,,
xEYInUvLalQ.mp3,E major,149,,,,,,,,,
xfBo1wwM3eI.mp3,F major,96,,,,,,,,,
XgUJP6xGHOs.mp3,F minor,103,,,,,,,,,
XG0_olXLkKg.mp3,D minor,162,,,,,,,,,
XH3Xu1-cvII.mp3,G# minor,96,,,,,,,,,
XHSoS4p9688.mp3,A major,162,,,,,,,,,
xhH2r3mKFeI.mp3,B major,100,,,,,,,,,
xIJORBRpOPM.mp3,G major,118,,,,,,,,,
xgO-u83Os_I.mp3,G# major,97,,,,,,,,,
XkaWyrm8EQg.mp3,A major,124,,,,,,,,,
xkrLWjNxYbY.mp3,F# minor,114,,,,,,,,,
XKR1ScQUpcA.mp3,F major,155,,,,,,,,,
xkt8L0NtSjA.mp3,F major,87,,,,,,,,,
XJdi689BqKA.mp3,G major,172,,,,,,,,,
xl3uLkAT_C8.mp3,G# minor,122,,,,,,,,,
XLpQDBP20X0.mp3,E major,89,,,,,,,,,
xlb4SfKhsdM.mp3,F# major,122,,,,,,,,,
XP3cyRRAfX0.mp3,G major,124,,,,,,,,,
xs9Qu7uiokw.mp3,A minor,132,,,,,,,,,
XoVVLtkDWq4.mp3,B minor,105,,,,,,,,,
xTpv9lc_qMw.mp3,C minor,123,,,,,,,,,
XqORbzbEfoM.mp3,D major,139,,,,,,,,,
xtJqw--DGl8.mp3,G major,95,,,,,,,,,
XV-1XpGxhgo.mp3,A# major,115,,,,,,,,,
xtz2mdX0aEE.mp3,D# major,162,,,,,,,,,
XvjhIbEvA_w.mp3,B major,128,,,,,,,,,
XVTo4y5e08k.mp3,F major,110,,,,,,,,,
XVLBEsG0MH4.mp3,A# major,129,,,,,,,,,
xw1NIDFUdJI.mp3,A major,90,,,,,,,,,
Xu25lUDJZgY.mp3,A# minor,90,,,,,,,,,
XwdUXS94yNk.mp3,A major,114,,,,,,,,,
xwNe5Kqi3Ho.mp3,D major,113,,,,,,,,,
XXCvPwgx320.mp3,A major,112,,,,,,,,,
xYA7AnVwejo.mp3,A minor,104,,,,,,,,,
XyZtMfMWONI.mp3,E minor,89,,,,,,,,,
Y_7WgXAlLFg.mp3,D major,80,,,,,,,,,
Y3qYT60DSKQ.mp3,G# major,92,,,,,,,,,
Y-Elr5K2Vuo.mp3,A# major,69,,,,,,,,,
Y_56BQmY_e8.mp3,C major,130,,,,,,,,,
y5ejwRj9t1Q.mp3,G# major,107,,,,,,,,,
y5Aj3mEvCa4.mp3,E major,100,,,,,,,,,
y5LAwk4cVjU.mp3,E major,120,,,,,,,,,
y6XSIY9Vs-o.mp3,D minor,108,,,,,,,,,
Y5Io2bdZP1A.mp3,D# major,108,,,,,,,,,
y5pzhmGX1sk.mp3,C minor,109,,,,,,,,,
y9ajRIgTJNA.mp3,D major,117,,,,,,,,,
yf39vt0MKug.mp3,E minor,83,,,,,,,,,
y9LajlJjd4E.mp3,D minor,87,,,,,,,,,
yfFs0o6pCxc.mp3,D# minor,102,,,,,,,,,
YD7ya_NssNM.mp3,D minor,110,,,,,,,,,
yfp2Bg6iUdY.mp3,F major,142,,,,,,,,,
YfFlaavmqSU.mp3,F major,130,,,,,,,,,
YGmX6m78zDM.mp3,C major,107,,,,,,,,,
YG2nGaRCWjo.mp3,C major,110,,,,,,,,,
Yh0V68c1ybw.mp3,F# minor,129,,,,,,,,,
yGVaArcV9BE.mp3,F# major,104,,,,,,,,,
yH3YLcQxxmA.mp3,F major,165,,,,,,,,,
YfkNEq1XioE.mp3,A# major,139,,,,,,,,,
yhkkrkgCNkI.mp3,C major,145,,,,,,,,,
yH7BaQEguYs.mp3,D# minor,121,,,,,,,,,
yIkwq8keNBI.mp3,C major,115,,,,,,,,,
yj9iEcOQDeo.mp3,F minor,113,,,,,,,,,
yICX_ZQ86Mw.mp3,D# minor,134,,,,,,,,,
yjppalDAvOM.mp3,E major,107,,,,,,,,,
YJeaO0trUoQ.mp3,F major,111,,,,,,,,,
yjno-e4WMtE.mp3,A# major,101,,,,,,,,,
YjzesjojNhA.mp3,C# major,73,,,,,,,,,
YK2VZgJ4AoM.mp3,A# major,123,,,,,,,,,
YkruVmCZoJ8.mp3,G major,100,,,,,,,,,
yKY2O4KFmMU.mp3,D# major,99,,,,,,,,,
YkyTQP27H6s.mp3,E major,129,,,,,,,,,
yl98-LC3fsU.mp3,C minor,91,,,,,,,,,
Yowkv9zyaF4.mp3,B minor,96,,,,,,,,,
YN_eu8Jk50o.mp3,F minor,130,,,,,,,,,
YlKDu_XtG_I.mp3,C major,128,,,,,,,,,
yQUN7QAnMp0.mp3,F major,143,,,,,,,,,
YqKMI05XHFk.mp3,E minor,117,,,,,,,,,
yQxTNjQe0Xs.mp3,C major,89,,,,,,,,,
yR0lWICH3rY.mp3,G major,118,,,,,,,,,
Yr5ZWYRaAyw.mp3,A minor,162,,,,,,,,,
YRpzk1oQ5jQ.mp3,E minor,90,,,,,,,,,
YR5YJ3qzIx4.mp3,G minor,118,,,,,,,,,
ysgwcKNdWg0.mp3,C major,172,,,,,,,,,
yr78_7Kip3Q.mp3,B major,112,,,,,,,,,
yTLQBOlgkTg.mp3,F minor,87,,,,,,,,,
Yu08_9FtfuE.mp3,A major,92,,,,,,,,,
YrtMUonPErU.mp3,D major,92,,,,,,,,,
yVI7JelAzPc.mp3,D# minor,88,,,,,,,,,
YV8zGNe7Ebg.mp3,D minor,118,,,,,,,,,
YWnUmpQhiOw.mp3,G major,142,,,,,,,,,
yXE_p_1Squg.mp3,F major,120,,,,,,,,,
yx5ZKZY8jX0.mp3,B minor,105,,,,,,,,,
YxhJD40NaMs.mp3,A major,144,,,,,,,,,
yw0UF606mqg.mp3,E minor,117,,,,,,,,,
yY7VmNv6ud8.mp3,G major,141,,,,,,,,,
YyRtlIddnmo.mp3,D major,163,,,,,,,,,
YY5KxPI6ApI.mp3,A minor,162,,,,,,,,,
z0nrVYvE0b8.mp3,C major,152,,,,,,,,,
Z_hwMtG2xCs.mp3,D minor,84,,,,,,,,,
z1rCMzkbhmc.mp3,F major,129,,,,,,,,,
z1zeaOK2atg.mp3,C major,130,,,,,,,,,
z4-O-tLsCDo.mp3,A minor,162,,,,,,,,,
yZ1XM9LwS64.mp3,C major,120,,,,,,,,,
z6Pj5oJzYLM.mp3,A minor,129,,,,,,,,,
Z8yW5cyXXRc.mp3,A major,152,,,,,,,,,
z62vD5BDDUE.mp3,F major,137,,,,,,,,,
z9Cym8YHP94.mp3,A major,150,,,,,,,,,
zAQa8YWyXTA.mp3,C# major,107,,,,,,,,,
zcdDg30VBgo.mp3,C# major,135,,,,,,,,,
ZDVkPARmDkY.mp3,G major,120,,,,,,,,,
ZDuxWGHA-Z4.mp3,A major,130,,,,,,,,,
ZcgzoGU141o.mp3,F minor,123,,,,,,,,,
ZE72ilXg0jQ.mp3,C major,108,,,,,,,,,
zE9wNkE820w.mp3,B minor,128,,,,,,,,,
zeeBp2uqcKc.mp3,A major,107,,,,,,,,,
zFubzSu2AOE.mp3,C# minor,143,,,,,,,,,
zhdZcBsa-dk.mp3,D# major,89,,,,,,,,,
ZjNRXfRXnoc.mp3,A# major,117,,,,,,,,,
ZJMGS7l0wT8.mp3,G minor,113,,,,,,,,,
ZJXRdce_INo.mp3,D major,117,,,,,,,,,
ZEKqLxtjwDQ.mp3,A# major,129,,,,,,,,,
zKaIlT_lK1s.mp3,A major,79,,,,,,,,,
zkd5dJIVjgM.mp3,G major,81,,,,,,,,,
Zk1LRs39xGE.mp3,E major,112,,,,,,,,,
zKQbsrRutvE.mp3,C major,139,,,,,,,,,
zlulSyBI2aY.mp3,F major,127,,,,,,,,,
ZlCVwarmwJM.mp3,F minor,137,,,,,,,,,
ZN_sDtN9wH8.mp3,A# major,172,,,,,,,,,
ZnbMEkpBs48.mp3,G# major,99,,,,,,,,,
zN1id2dmH3o.mp3,F major,78,,,,,,,,,
ZMoO5eLmDBA.mp3,A major,111,,,,,,,,,
ZOJCmPKaYN8.mp3,G major,172,,,,,,,,,
zP3DcpSSH34.mp3,A major,111,,,,,,,,,
Zov6yho65G0.mp3,C# minor,115,,,,,,,,,
zSi2QvSWkVA.mp3,E minor,107,,,,,,,,,
Zpk2uauRdA8.mp3,D minor,122,,,,,,,,,
ZUG9qYTJMsI.mp3,D# minor,124,,,,,,,,,
ZvEPYH7GRUM.mp3,A# major,108,,,,,,,,,
zt3Gvdu9mtM.mp3,C# major,130,,,,,,,,,
zvq5rMEbNbw.mp3,F major,128,,,,,,,,,
zv750BWrUhY.mp3,C major,124,,,,,,,,,
zx_cmAIyaDQ.mp3,E major,100,,,,,,,,,
zXU9Ur9QznE.mp3,D minor,111,,,,,,,,,
zwY6acYYO3o.mp3,G# minor,96,,,,,,,,,
ZYpqxlkaenk.mp3,G# major,101,,,,,,,,,
Zz-E8AexUjc.mp3,A# minor,97,,,,,,,,,
ZY0cdXr_1MA.mp3,F minor,89,,,,,,,,,